{
  "parent": "minecraft:item/handheld_rod",
  "textures": {
    "layer0": "minecraft:item/carrot_on_a_stick"
  },

  "overrides": [
    {"predicate": {"custom_model_data":183}, "model": "minecraft:item/block_putter"},
    {"predicate": {"custom_model_data":184}, "model": "minecraft:item/block_copier"},
    {"predicate": {"custom_model_data":10001}, "model": "minecraft:item/jupiter_wand"},
    {"predicate": {"custom_model_data":10002}, "model": "minecraft:item/dripping_wand"},
    {"predicate": {"custom_model_data":10003}, "model": "minecraft:item/firering_wand"}
  ]
}