{
    "providers": [
        {
            "type": "bitmap",
            "file": "minecraft:font/hp_bar_full.png",
            "ascent": 8,
            "height": 9,
            "chars":[
                "\uE011",
                "\uE012",
                "\uE013",
                "\uE014",
                "\uE015",
                "\uE016",
                "\uE017",
                "\uE018",
                "\uE019",
                "\uE020"
            ]
        },
        {
            "type": "bitmap",
            "file": "minecraft:font/hp_bar_harf.png",
            "ascent": 8,
            "height": 9,
            "chars":[
                "\uE021",
                "\uE022",
                "\uE023",
                "\uE024",
                "\uE025",
                "\uE026",
                "\uE027",
                "\uE028",
                "\uE029",
                "\uE030"
            ]
        }

    ]
}