{
    "providers": [
        {
            "type": "ttf",
            "file": "minecraft:negative_spaces.ttf",
            "shift": [0.0, 0.0],
            "size": 10.0,
            "oversample": 1.0
        },

        {
            "type": "bitmap",
            "file": "minecraft:font/hpbar/hpbar_1.png",
            "ascent": 8,
            "height": 10,
            "chars":[
                "\uE101\uE102",
                "\uE103\uE104",
                "\uE105\uE106",
                "\uE107\uE108",
                "\uE109\uE10A",
                "\uE10B\uE10C",
                "\uE10D\uE10E",
                "\uE10F\uE110",
                "\uE111\uE112",
                "\uE113\uE114",
                "\uE115\uE116",
                "\uE117\uE118",
                "\uE119\uE11A",
                "\uE11B\uE11C",
                "\uE11D\uE11E",
                "\uE11F\uE120"
            ]
        },

        {
            "type": "bitmap",
            "file": "minecraft:font/hpbar/hpbar_2.png",
            "ascent": 8,
            "height": 9,
            "chars":[
                "\uE121\uE122",
                "\uE123\uE124",
                "\uE125\uE126",
                "\uE127\uE128",
                "\uE129\uE12A",
                "\uE12B\uE12C",
                "\uE12D\uE12E",
                "\uE12F\uE130",
                "\uE131\uE132",
                "\uE133\uE134",
                "\uE135\uE136",
                "\uE137\uE138",
                "\uE139\uE13A",
                "\uE13B\uE13C",
                "\uE13D\uE13E",
                "\uE13F\uE140"
            ]
        },

        {
            "type": "bitmap",
            "file": "minecraft:font/hpbar/hpbar_3.png",
            "ascent": 8,
            "height": 9,
            "chars":[
                "\uE141\uE142",
                "\uE143\uE144",
                "\uE145\uE146",
                "\uE147\uE148",
                "\uE149\uE14A",
                "\uE14B\uE14C",
                "\uE14D\uE14E",
                "\uE14F\uE150",
                "\uE151\uE152",
                "\uE153\uE154",
                "\uE155\uE156",
                "\uE157\uE158",
                "\uE159\uE15A",
                "\uE15B\uE15C",
                "\uE15D\uE15E",
                "\uE15F\uE160"
            ]
        },

        {
            "type": "bitmap",
            "file": "minecraft:font/hpbar/hpbar_4.png",
            "ascent": 8,
            "height": 9,
            "chars":[
                "\uE161\uE162",
                "\uE163\uE164"
            ]
        },

        {
            "type": "bitmap",
            "file": "minecraft:font/gui/magic_set/magic_set_GUI_0.png",
            "ascent": 10,
            "height": 80,
            "chars": [
                "\uE170"
            ]
        },

        {
            "type": "bitmap",
            "file": "minecraft:font/gui/magic_set/magic_set_GUI_1.png",
            "ascent": 10,
            "height": 80,
            "chars": [
                "\uE171"
            ]
        },

        {
            "type": "bitmap",
            "file": "minecraft:font/gui/magic_set/magic_set_GUI_2.png",
            "ascent": 10,
            "height": 80,
            "chars": [
                "\uE172"
            ]
        },

        {
            "type": "bitmap",
            "file": "minecraft:font/gui/magic_set/magic_set_GUI_3.png",
            "ascent": 10,
            "height": 80,
            "chars": [
                "\uE173"
            ]
        }

    ]
}