{
	"credit": "Made with Blockbench",
	"textures": {
		"0": "#stripped_log",
		"1": "#planks",
                "2": "#log",
		"particle": "#stripped_log"
	},
	"elements": [
		{
			"from": [0.5, 0, 8],
			"to": [15.5, 0.5, 15.5],
			"rotation": {"angle": 0, "axis": "y", "origin": [7.5, 0, 0.5]},
			"faces": {
				"north": {"uv": [0, 0, 15, 0.5], "texture": "#0"},
				"east": {"uv": [0, 0, 7.5, 0.5], "texture": "#missing"},
				"south": {"uv": [0, 0, 15, 0.5], "texture": "#missing"},
				"west": {"uv": [0, 0, 7.5, 0.5], "texture": "#missing"},
				"up": {"uv": [0, 0, 15, 7.5], "texture": "#0"},
				"down": {"uv": [0, 0, 15, 7.5], "texture": "#0"}
			}
		},
		{
			"from": [0.5, 7.5, 8],
			"to": [15.5, 8, 15.5],
			"rotation": {"angle": 0, "axis": "y", "origin": [7.5, 7.5, 0.5]},
			"faces": {
				"north": {"uv": [0, 0, 15, 0.5], "texture": "#0"},
				"east": {"uv": [0, 0, 7.5, 0.5], "texture": "#missing"},
				"south": {"uv": [0, 0, 15, 0.5], "texture": "#missing"},
				"west": {"uv": [0, 0, 7.5, 0.5], "texture": "#missing"},
				"up": {"uv": [0, 0, 15, 7.5], "texture": "#0"},
				"down": {"uv": [0, 0, 15, 7.5], "texture": "#0"}
			}
		},
		{
			"from": [0.5, 15.5, 8],
			"to": [15.5, 16, 15.5],
			"rotation": {"angle": 0, "axis": "y", "origin": [7.5, 15.5, 0.5]},
			"faces": {
				"north": {"uv": [0, 0, 15, 0.5], "texture": "#0"},
				"east": {"uv": [0, 0, 7.5, 0.5], "texture": "#missing"},
				"south": {"uv": [0, 0, 15, 0.5], "texture": "#missing"},
				"west": {"uv": [0, 0, 7.5, 0.5], "texture": "#missing"},
				"up": {"uv": [0, 0, 15, 7.5], "texture": "#0"},
				"down": {"uv": [0, 0, 15, 7.5], "texture": "#0"}
			}
		},
		{
			"from": [0.5, 23.5, 8],
			"to": [15.5, 24, 15.5],
			"rotation": {"angle": 0, "axis": "y", "origin": [7.5, 23.5, 0.5]},
			"faces": {
				"north": {"uv": [0, 0, 15, 0.5], "texture": "#0"},
				"east": {"uv": [0, 0, 7.5, 0.5], "texture": "#missing"},
				"south": {"uv": [0, 0, 15, 0.5], "texture": "#missing"},
				"west": {"uv": [0, 0, 7.5, 0.5], "texture": "#missing"},
				"up": {"uv": [0, 0, 15, 7.5], "texture": "#0"},
				"down": {"uv": [0, 0, 15, 7.5], "texture": "#0"}
			}
		},
		{
			"from": [0, 0, 8],
			"to": [0.5, 24, 15.5],
			"rotation": {"angle": 0, "axis": "y", "origin": [0, 0, 8]},
			"faces": {
				"north": {"uv": [0, 0, 0.5, 16], "texture": "#0"},
				"east": {"uv": [5, 0, 8, 16], "texture": "#2"},
				"south": {"uv": [0, 0, 0.5, 16], "texture": "#0"},
				"west": {"uv": [5, 0, 12, 16], "texture": "#0"},
				"up": {"uv": [0, 0, 0.5, 7], "texture": "#0"},
				"down": {"uv": [0, 0, 0.5, 7], "texture": "#0"}
			}
		},
		{
			"from": [15.5, 0, 8],
			"to": [16, 24, 15.5],
			"rotation": {"angle": 0, "axis": "y", "origin": [16, 0, 8]},
			"faces": {
				"north": {"uv": [0.5, 0, 0, 16], "texture": "#0"},
				"east": {"uv": [12, 0, 5, 16], "texture": "#0"},
				"south": {"uv": [0.5, 0, 0, 16], "texture": "#0"},
				"west": {"uv": [9, 0, 5, 16], "texture": "#2"},
				"up": {"uv": [0.5, 0, 0, 7], "texture": "#0"},
				"down": {"uv": [0.5, 0, 0, 7], "texture": "#0"}
			}
		},
		{
			"from": [0, 0, 15.5],
			"to": [16, 24, 16],
			"rotation": {"angle": 0, "axis": "y", "origin": [16, 0, 16]},
			"faces": {
				"north": {"uv": [12, 0, 5, 16], "texture": "#2"},
				"east": {"uv": [0.5, 0, 0, 16], "texture": "#0"},
				"south": {"uv": [12, 0, 5, 16], "texture": "#0"},
				"west": {"uv": [0.5, 0, 0, 16], "texture": "#0"},
				"up": {"uv": [0.5, 0, 0, 7], "rotation": 90, "texture": "#0"},
				"down": {"uv": [0.5, 0, 0, 7], "rotation": 270, "texture": "#0"}
			}
		},
		{
			"from": [0.5, 0.5, 8.5],
			"to": [7.75, 7.5, 9],
			"rotation": {"angle": 0, "axis": "y", "origin": [0.5, 0.5, 8.5]},
			"faces": {
				"north": {"uv": [6, 3, 12, 8], "texture": "#1"},
				"east": {"uv": [0, 0, 0.5, 7], "texture": "#1"},
				"south": {"uv": [0, 0, 7.5, 7], "texture": "#missing"},
				"west": {"uv": [0, 0, 0.5, 7], "texture": "#missing"},
				"up": {"uv": [0, 0, 7.5, 0.5], "texture": "#missing"},
				"down": {"uv": [0, 0, 7.5, 0.5], "texture": "#missing"}
			}
		},
		{
			"from": [5.5, 3.5, 8],
			"to": [6.5, 4.5, 8.5],
			"rotation": {"angle": 0, "axis": "y", "origin": [5.5, 3.5, 8]},
			"faces": {
				"north": {"uv": [0, 0, 1, 1], "texture": "#1"},
				"east": {"uv": [0, 0, 0.5, 1], "texture": "#1"},
				"south": {"uv": [0, 0, 1, 1], "texture": "#missing"},
				"west": {"uv": [0, 0, 0.5, 1], "texture": "#1"},
				"up": {"uv": [0, 0, 1, 0.5], "texture": "#1"},
				"down": {"uv": [0, 0, 1, 0.5], "texture": "#1"}
			}
		},
		{
			"from": [8.25, 0.5, 8.5],
			"to": [15.5, 7.5, 9],
			"rotation": {"angle": 0, "axis": "y", "origin": [15.5, 0.5, 8.5]},
			"faces": {
				"north": {"uv": [12, 3, 6, 8], "texture": "#1"},
				"east": {"uv": [0.5, 0, 0, 7], "texture": "#missing"},
				"south": {"uv": [7.5, 0, 0, 7], "texture": "#missing"},
				"west": {"uv": [0.5, 0, 0, 7], "texture": "#1"},
				"up": {"uv": [7.5, 0, 0, 0.5], "texture": "#missing"},
				"down": {"uv": [7.5, 0, 0, 0.5], "texture": "#missing"}
			}
		},
		{
			"from": [9.5, 3.5, 8],
			"to": [10.5, 4.5, 8.5],
			"rotation": {"angle": 0, "axis": "y", "origin": [10.5, 3.5, 8]},
			"faces": {
				"north": {"uv": [1, 0, 0, 1], "texture": "#1"},
				"east": {"uv": [0.5, 0, 0, 1], "texture": "#1"},
				"south": {"uv": [1, 0, 0, 1], "texture": "#missing"},
				"west": {"uv": [0.5, 0, 0, 1], "texture": "#1"},
				"up": {"uv": [1, 0, 0, 0.5], "texture": "#1"},
				"down": {"uv": [1, 0, 0, 0.5], "texture": "#1"}
			}
		},
		{
			"from": [7.75, 0.5, 8.75],
			"to": [8.25, 7.5, 9],
			"rotation": {"angle": 0, "axis": "y", "origin": [7.5, 0, 8]},
			"faces": {
				"north": {"uv": [0, 15, 0.5, 16], "texture": "#1"},
				"east": {"uv": [0, 0, 0.25, 7], "texture": "#missing"},
				"south": {"uv": [0, 0, 0.5, 7], "texture": "#missing"},
				"west": {"uv": [0, 0, 0.25, 7], "texture": "#missing"},
				"up": {"uv": [0, 0, 0.5, 0.25], "texture": "#missing"},
				"down": {"uv": [0, 0, 0.5, 0.25], "texture": "#missing"}
			}
		}
	],
	"display": {
		"thirdperson_righthand": {
			"translation": [0, 4, 0],
			"scale": [0.5, 0.5, 0.5]
		},
		"thirdperson_lefthand": {
			"translation": [0, 4, 0],
			"scale": [0.5, 0.5, 0.5]
		},
		"firstperson_righthand": {
			"translation": [-4, 0, 0],
			"scale": [0.5, 0.5, 0.5]
		},
		"firstperson_lefthand": {
			"translation": [-4, 0, 0],
			"scale": [0.5, 0.5, 0.5]
		},
		"ground": {
			"scale": [0.5, 0.5, 0.5]
		},
		"gui": {
			"rotation": [-161.37, 34.99, -155.38],
			"translation": [-2.5, -2.75, 0],
			"scale": [0.7, 0.7, 0.7]
		},
		"head": {
			"translation": [0, 0, -7.25]
		},
		"fixed": {
			"rotation": [-90, 0, 0],
			"translation": [16, -16, -32],
			"scale": [4, 4, 4]
		}
	},
	"groups": [
		{
			"name": "group",
			"origin": [8, 8, 8],
			"color": 0,
			"children": [
				{
					"name": "group",
					"origin": [8, 0, 0],
					"color": 0,
					"children": [0, 1, 2, 3]
				},
				{
					"name": "group",
					"origin": [8, 0, 0],
					"color": 0,
					"children": [4, 5, 6]
				},
				{
					"name": "group",
					"origin": [8, 8, 8],
					"color": 0,
					"children": [
						{
							"name": "group",
							"origin": [0.5, 0.5, 8.5],
							"color": 0,
							"children": [7, 8]
						},
						{
							"name": "group",
							"origin": [0.5, 0.5, 8.5],
							"color": 0,
							"children": [9, 10]
						},
						11
					]
				}
			]
		}
	]
}