{
    "providers": [
        {
            "type": "space",
            "advances":{
                "0": 1,
                "S": -100,
                "L": -4
            }
        },
        {
            "type": "bitmap",
            "file": "minecraft:font/points/point_10.png",
            "ascent": -32,
            "height": 8,
            "chars": [
                "1"
            ]
        },
        {
            "type": "bitmap",
            "file": "minecraft:font/points/point_20.png",
            "ascent": -32,
            "height": 8,
            "chars": [
                "2"
            ]
        },
        {
            "type": "bitmap",
            "file": "minecraft:font/points/point_30.png",
            "ascent": -32,
            "height": 8,
            "chars": [
                "3"
            ]
        },
        {
            "type": "bitmap",
            "file": "minecraft:font/points/point_40.png",
            "ascent": -32,
            "height": 8,
            "chars": [
                "4"
            ]
        },
        {
            "type": "bitmap",
            "file": "minecraft:font/points/point_50.png",
            "ascent": -32,
            "height": 8,
            "chars": [
                "5"
            ]
        },
        {
            "type": "bitmap",
            "file": "minecraft:font/points/point_60.png",
            "ascent": -32,
            "height": 8,
            "chars": [
                "6"
            ]
        },
        {
            "type": "bitmap",
            "file": "minecraft:font/points/point_70.png",
            "ascent": -32,
            "height": 8,
            "chars": [
                "7"
            ]
        },
        {
            "type": "bitmap",
            "file": "minecraft:font/points/point_80.png",
            "ascent": -32,
            "height": 8,
            "chars": [
                "8"
            ]
        },
        {
            "type": "bitmap",
            "file": "minecraft:font/points/point_90.png",
            "ascent": -32,
            "height": 8,
            "chars": [
                "9"
            ]
        }
    ]
}