{
    "providers": [
        {
            "type": "space",
            "advances":{
                " ": -10
            }
        },
        {
            "type": "bitmap",
            "file": "minecraft:font/points/point_0.png",
            "ascent": -32,
            "height": 8,
            "chars": [
                "0"
            ]
        },
        {
            "type": "bitmap",
            "file": "minecraft:font/points/point_100.png",
            "ascent": -32,
            "height": 8,
            "chars": [
                "1"
            ]
        }
    ]
}