{
    "providers": [
        {
            "type": "space",
            "advances":{
                " ": -32,
                "L": -1
            }
        },

        {
            "type": "bitmap",
            "file": "minecraft:font/ability_waku.png",
            "ascent": 4,
            "height": 32,
            "chars": [
                "\uE000"
            ]
        },


        {
            "type": "bitmap",
            "file": "minecraft:item/ability/survivor/1.png",
            "ascent": 4,
            "height": 32,
            "chars": [
                "\uE001"
            ]
        },
        {
            "type": "bitmap",
            "file": "minecraft:item/ability/survivor/2.png",
            "ascent": 4,
            "height": 32,
            "chars": [
                "\uE002"
            ]
        },
        {
            "type": "bitmap",
            "file": "minecraft:item/ability/survivor/3.png",
            "ascent": 4,
            "height": 32,
            "chars": [
                "\uE003"
            ]
        },
        {
            "type": "bitmap",
            "file": "minecraft:item/ability/survivor/4.png",
            "ascent": 4,
            "height": 32,
            "chars": [
                "\uE004"
            ]
        },
        {
            "type": "bitmap",
            "file": "minecraft:item/ability/survivor/5.png",
            "ascent": 4,
            "height": 32,
            "chars": [
                "\uE005"
            ]
        },
        {
            "type": "bitmap",
            "file": "minecraft:item/ability/survivor/6.png",
            "ascent": 4,
            "height": 32,
            "chars": [
                "\uE006"
            ]
        },
        {
            "type": "bitmap",
            "file": "minecraft:item/ability/survivor/7.png",
            "ascent": 4,
            "height": 32,
            "chars": [
                "\uE007"
            ]
        },
        {
            "type": "bitmap",
            "file": "minecraft:item/ability/survivor/8.png",
            "ascent": 4,
            "height": 32,
            "chars": [
                "\uE008"
            ]
        },




        {
            "type": "bitmap",
            "file": "minecraft:item/ability/killer/1.png",
            "ascent": 4,
            "height": 32,
            "chars": [
                "\uE101"
            ]
        },
        {
            "type": "bitmap",
            "file": "minecraft:item/ability/killer/2.png",
            "ascent": 4,
            "height": 32,
            "chars": [
                "\uE102"
            ]
        },
        {
            "type": "bitmap",
            "file": "minecraft:item/ability/killer/3.png",
            "ascent": 4,
            "height": 32,
            "chars": [
                "\uE103"
            ]
        },
        {
            "type": "bitmap",
            "file": "minecraft:item/ability/killer/4.png",
            "ascent": 4,
            "height": 32,
            "chars": [
                "\uE104"
            ]
        }
    ]
}