{
	"credit": "Made with Blockbench",
	"textures": {
		"0": "block/white_concrete",
		"1": "block/gold_block",
		"2": "block/raw_gold_block",
		"3": "block/andesite",
		"4": "block/red_concrete",
		"particle": "block/white_concrete"
	},
	"elements": [
		{
			"from": [4, 0, 4],
			"to": [4.5, 0.5, 4.5],
			"rotation": {"angle": 0, "axis": "y", "origin": [4.25, 0.25, 5.5]},
			"faces": {
				"north": {"uv": [0, 0, 0.5, 0.5], "texture": "#0"},
				"east": {"uv": [0, 0, 0.5, 0.5], "texture": "#0"},
				"south": {"uv": [0, 0, 0.5, 0.5], "texture": "#0"},
				"west": {"uv": [0, 0, 0.5, 0.5], "texture": "#0"},
				"down": {"uv": [0, 0, 0.5, 0.5], "texture": "#0"}
			}
		},
		{
			"from": [4, 0.5, 4],
			"to": [4.5, 1, 6],
			"rotation": {"angle": 0, "axis": "y", "origin": [4.25, 0.75, 5.5]},
			"faces": {
				"north": {"uv": [0, 0, 0.5, 0.5], "texture": "#1"},
				"east": {"uv": [3, 4, 5, 4.5], "texture": "#1"},
				"west": {"uv": [5, 6, 7, 6.5], "texture": "#1"},
				"up": {"uv": [7, 5, 7.5, 7], "texture": "#1"},
				"down": {"uv": [10, 7, 10.5, 9], "texture": "#1"}
			}
		},
		{
			"from": [4.75, 0, 4],
			"to": [5.25, 0.5, 4.5],
			"rotation": {"angle": 0, "axis": "y", "origin": [5, 0.25, 5.5]},
			"faces": {
				"north": {"uv": [0, 0, 0.5, 0.5], "texture": "#0"},
				"east": {"uv": [0, 0, 0.5, 0.5], "texture": "#0"},
				"south": {"uv": [0, 0, 0.5, 0.5], "texture": "#0"},
				"west": {"uv": [0, 0, 0.5, 0.5], "texture": "#0"},
				"down": {"uv": [0, 0, 0.5, 0.5], "texture": "#0"}
			}
		},
		{
			"from": [4.75, 0.5, 4],
			"to": [5.25, 1, 6],
			"rotation": {"angle": 0, "axis": "y", "origin": [5, 0.75, 5.5]},
			"faces": {
				"north": {"uv": [0, 0, 0.5, 0.5], "texture": "#1"},
				"east": {"uv": [3, 4, 5, 4.5], "texture": "#1"},
				"west": {"uv": [5, 6, 7, 6.5], "texture": "#1"},
				"up": {"uv": [7, 5, 7.5, 7], "texture": "#1"},
				"down": {"uv": [10, 7, 10.5, 9], "texture": "#1"}
			}
		},
		{
			"from": [5.5, 0, 4],
			"to": [6, 0.5, 4.5],
			"rotation": {"angle": 0, "axis": "y", "origin": [5.75, 0.25, 5.5]},
			"faces": {
				"north": {"uv": [0, 0, 0.5, 0.5], "texture": "#0"},
				"east": {"uv": [0, 0, 0.5, 0.5], "texture": "#0"},
				"south": {"uv": [0, 0, 0.5, 0.5], "texture": "#0"},
				"west": {"uv": [0, 0, 0.5, 0.5], "texture": "#0"},
				"down": {"uv": [0, 0, 0.5, 0.5], "texture": "#0"}
			}
		},
		{
			"from": [5.5, 0.5, 4],
			"to": [6, 1, 6],
			"rotation": {"angle": 0, "axis": "y", "origin": [5.75, 0.75, 5.5]},
			"faces": {
				"north": {"uv": [0, 0, 0.5, 0.5], "texture": "#1"},
				"east": {"uv": [3, 4, 5, 4.5], "texture": "#1"},
				"west": {"uv": [5, 6, 7, 6.5], "texture": "#1"},
				"up": {"uv": [7, 5, 7.5, 7], "texture": "#1"},
				"down": {"uv": [10, 7, 10.5, 9], "texture": "#1"}
			}
		},
		{
			"from": [4, 0, 6],
			"to": [6, 1, 8],
			"rotation": {"angle": 0, "axis": "y", "origin": [4, 0, 6]},
			"faces": {
				"north": {"uv": [0, 0, 2, 1], "texture": "#2"},
				"east": {"uv": [0, 0, 2, 1], "texture": "#2"},
				"south": {"uv": [0, 0, 2, 1], "texture": "#2"},
				"west": {"uv": [0, 0, 2, 1], "texture": "#2"},
				"up": {"uv": [0, 0, 2, 2], "texture": "#2"},
				"down": {"uv": [0, 0, 2, 2], "texture": "#2"}
			}
		},
		{
			"from": [4.5, 1, 7],
			"to": [5.5, 6, 8],
			"rotation": {"angle": 0, "axis": "y", "origin": [4.5, 1, 7]},
			"faces": {
				"north": {"uv": [5, 0, 9, 16], "texture": "#2"},
				"east": {"uv": [5, 0, 9, 16], "texture": "#2"},
				"south": {"uv": [5, 0, 9, 16], "texture": "#2"},
				"west": {"uv": [5, 0, 9, 16], "texture": "#2"}
			}
		},
		{
			"from": [10, 0, 4],
			"to": [10.5, 0.5, 4.5],
			"rotation": {"angle": 0, "axis": "y", "origin": [10.25, 0.25, 5.5]},
			"faces": {
				"north": {"uv": [0, 0, 0.5, 0.5], "texture": "#0"},
				"east": {"uv": [0, 0, 0.5, 0.5], "texture": "#0"},
				"south": {"uv": [0, 0, 0.5, 0.5], "texture": "#0"},
				"west": {"uv": [0, 0, 0.5, 0.5], "texture": "#0"},
				"down": {"uv": [0, 0, 0.5, 0.5], "texture": "#0"}
			}
		},
		{
			"from": [10, 0.5, 4],
			"to": [10.5, 1, 6],
			"rotation": {"angle": 0, "axis": "y", "origin": [10.25, 0.75, 5.5]},
			"faces": {
				"north": {"uv": [0, 0, 0.5, 0.5], "texture": "#1"},
				"east": {"uv": [3, 4, 5, 4.5], "texture": "#1"},
				"west": {"uv": [5, 6, 7, 6.5], "texture": "#1"},
				"up": {"uv": [7, 5, 7.5, 7], "texture": "#1"},
				"down": {"uv": [10, 7, 10.5, 9], "texture": "#1"}
			}
		},
		{
			"from": [10.75, 0, 4],
			"to": [11.25, 0.5, 4.5],
			"rotation": {"angle": 0, "axis": "y", "origin": [11, 0.25, 5.5]},
			"faces": {
				"north": {"uv": [0, 0, 0.5, 0.5], "texture": "#0"},
				"east": {"uv": [0, 0, 0.5, 0.5], "texture": "#0"},
				"south": {"uv": [0, 0, 0.5, 0.5], "texture": "#0"},
				"west": {"uv": [0, 0, 0.5, 0.5], "texture": "#0"},
				"down": {"uv": [0, 0, 0.5, 0.5], "texture": "#0"}
			}
		},
		{
			"from": [10.75, 0.5, 4],
			"to": [11.25, 1, 6],
			"rotation": {"angle": 0, "axis": "y", "origin": [11, 0.75, 5.5]},
			"faces": {
				"north": {"uv": [0, 0, 0.5, 0.5], "texture": "#1"},
				"east": {"uv": [3, 4, 5, 4.5], "texture": "#1"},
				"west": {"uv": [5, 6, 7, 6.5], "texture": "#1"},
				"up": {"uv": [7, 5, 7.5, 7], "texture": "#1"},
				"down": {"uv": [10, 7, 10.5, 9], "texture": "#1"}
			}
		},
		{
			"from": [11.5, 0, 4],
			"to": [12, 0.5, 4.5],
			"rotation": {"angle": 0, "axis": "y", "origin": [11.75, 0.25, 5.5]},
			"faces": {
				"north": {"uv": [0, 0, 0.5, 0.5], "texture": "#0"},
				"east": {"uv": [0, 0, 0.5, 0.5], "texture": "#0"},
				"south": {"uv": [0, 0, 0.5, 0.5], "texture": "#0"},
				"west": {"uv": [0, 0, 0.5, 0.5], "texture": "#0"},
				"down": {"uv": [0, 0, 0.5, 0.5], "texture": "#0"}
			}
		},
		{
			"from": [11.5, 0.5, 4],
			"to": [12, 1, 6],
			"rotation": {"angle": 0, "axis": "y", "origin": [11.75, 0.75, 5.5]},
			"faces": {
				"north": {"uv": [0, 0, 0.5, 0.5], "texture": "#1"},
				"east": {"uv": [3, 4, 5, 4.5], "texture": "#1"},
				"west": {"uv": [5, 6, 7, 6.5], "texture": "#1"},
				"up": {"uv": [7, 5, 7.5, 7], "texture": "#1"},
				"down": {"uv": [10, 7, 10.5, 9], "texture": "#1"}
			}
		},
		{
			"from": [10, 0, 6],
			"to": [12, 1, 8],
			"rotation": {"angle": 0, "axis": "y", "origin": [10, 0, 6]},
			"faces": {
				"north": {"uv": [0, 0, 2, 1], "texture": "#2"},
				"east": {"uv": [0, 0, 2, 1], "texture": "#2"},
				"south": {"uv": [0, 0, 2, 1], "texture": "#2"},
				"west": {"uv": [0, 0, 2, 1], "texture": "#2"},
				"up": {"uv": [0, 0, 2, 2], "texture": "#2"},
				"down": {"uv": [0, 0, 2, 2], "texture": "#2"}
			}
		},
		{
			"from": [10.5, 1, 7],
			"to": [11.5, 6, 8],
			"rotation": {"angle": 0, "axis": "y", "origin": [10.5, 1, 7]},
			"faces": {
				"north": {"uv": [5, 0, 9, 16], "texture": "#2"},
				"east": {"uv": [5, 0, 9, 16], "texture": "#2"},
				"south": {"uv": [5, 0, 9, 16], "texture": "#2"},
				"west": {"uv": [5, 0, 9, 16], "texture": "#2"}
			}
		},
		{
			"from": [3, 12, 3],
			"to": [7, 16, 7],
			"rotation": {"angle": 0, "axis": "y", "origin": [4, 12, 3]},
			"faces": {
				"north": {"uv": [0, 0, 4, 4], "texture": "#3"},
				"east": {"uv": [0, 0, 4, 4], "texture": "#3"},
				"south": {"uv": [0, 0, 4, 4], "texture": "#3"},
				"west": {"uv": [0, 0, 4, 4], "texture": "#3"},
				"up": {"uv": [0, 0, 4, 4], "texture": "#3"}
			}
		},
		{
			"from": [9, 12, 3],
			"to": [13, 16, 7],
			"rotation": {"angle": 0, "axis": "y", "origin": [10, 12, 3]},
			"faces": {
				"north": {"uv": [0, 0, 4, 4], "texture": "#3"},
				"east": {"uv": [0, 0, 4, 4], "texture": "#3"},
				"south": {"uv": [0, 0, 4, 4], "texture": "#3"},
				"west": {"uv": [0, 0, 4, 4], "texture": "#3"},
				"up": {"uv": [0, 0, 4, 4], "texture": "#3"}
			}
		},
		{
			"from": [3.75, 12.75, 2.75],
			"to": [6.25, 15.25, 3],
			"rotation": {"angle": 45, "axis": "z", "origin": [5, 14, 2]},
			"faces": {
				"north": {"uv": [0, 0, 2.5, 2.5], "texture": "#0"},
				"east": {"uv": [0, 0, 0.25, 2.5], "texture": "#0"},
				"west": {"uv": [0, 0, 0.25, 2.5], "texture": "#0"},
				"up": {"uv": [0, 0, 2.5, 0.25], "texture": "#0"},
				"down": {"uv": [0, 0, 2.5, 0.25], "texture": "#0"}
			}
		},
		{
			"from": [4, 13, 2.5],
			"to": [6, 15, 2.75],
			"rotation": {"angle": 45, "axis": "z", "origin": [5, 14, 1.75]},
			"faces": {
				"north": {"uv": [0, 0, 2, 2], "texture": "#0"},
				"east": {"uv": [0, 0, 0.25, 2], "texture": "#0"},
				"west": {"uv": [0, 0, 0.25, 2], "texture": "#0"},
				"up": {"uv": [0, 0, 2, 0.25], "texture": "#0"},
				"down": {"uv": [0, 0, 2, 0.25], "texture": "#0"}
			}
		},
		{
			"from": [9.75, 12.75, 2.75],
			"to": [12.25, 15.25, 3],
			"rotation": {"angle": 45, "axis": "z", "origin": [11, 14, 2]},
			"faces": {
				"north": {"uv": [0, 0, 2.5, 2.5], "texture": "#0"},
				"east": {"uv": [0, 0, 0.25, 2.5], "texture": "#0"},
				"west": {"uv": [0, 0, 0.25, 2.5], "texture": "#0"},
				"up": {"uv": [0, 0, 2.5, 0.25], "texture": "#0"},
				"down": {"uv": [0, 0, 2.5, 0.25], "texture": "#0"}
			}
		},
		{
			"from": [10, 13, 2.5],
			"to": [12, 15, 2.75],
			"rotation": {"angle": 45, "axis": "z", "origin": [11, 14, 1.75]},
			"faces": {
				"north": {"uv": [0, 0, 2, 2], "texture": "#0"},
				"east": {"uv": [0, 0, 0.25, 2], "texture": "#0"},
				"west": {"uv": [0, 0, 0.25, 2], "texture": "#0"},
				"up": {"uv": [0, 0, 2, 0.25], "texture": "#0"},
				"down": {"uv": [0, 0, 2, 0.25], "texture": "#0"}
			}
		},
		{
			"from": [4.75, 13, 2.45],
			"to": [5.25, 15, 2.5],
			"rotation": {"angle": 0, "axis": "y", "origin": [4.5, 13, 1.5]},
			"faces": {
				"north": {"uv": [0, 0, 0.05, 2], "texture": "#4"},
				"east": {"uv": [0, 0, 0.05, 2], "texture": "#4"},
				"west": {"uv": [0, 0, 0.05, 2], "texture": "#4"},
				"up": {"uv": [0, 0, 0.05, 2], "texture": "#4"},
				"down": {"uv": [0, 0, 0.05, 2], "texture": "#4"}
			}
		},
		{
			"from": [10.75, 13, 2.45],
			"to": [11.25, 15, 2.5],
			"rotation": {"angle": 0, "axis": "y", "origin": [10.5, 13, 1.5]},
			"faces": {
				"north": {"uv": [0, 0, 0.05, 2], "texture": "#4"},
				"east": {"uv": [0, 0, 0.05, 2], "texture": "#4"},
				"west": {"uv": [0, 0, 0.05, 2], "texture": "#4"},
				"up": {"uv": [0, 0, 0.05, 2], "texture": "#4"},
				"down": {"uv": [0, 0, 0.05, 2], "texture": "#4"}
			}
		},
		{
			"from": [2, 6, 2],
			"to": [14, 12, 12],
			"rotation": {"angle": 0, "axis": "y", "origin": [2, 6, 3]},
			"faces": {
				"north": {"uv": [0, 0, 12, 6], "texture": "#3"},
				"east": {"uv": [0, 0, 10, 6], "texture": "#3"},
				"south": {"uv": [0, 0, 12, 6], "texture": "#3"},
				"west": {"uv": [0, 0, 10, 6], "texture": "#3"},
				"up": {"uv": [0, 0, 12, 10], "texture": "#3"},
				"down": {"uv": [0, 0, 12, 10], "texture": "#3"}
			}
		},
		{
			"from": [5, 7, 1.75],
			"to": [11, 11, 2],
			"rotation": {"angle": 0, "axis": "y", "origin": [6, 7, 1]},
			"faces": {
				"north": {"uv": [0, 0, 6, 4], "texture": "#4"},
				"east": {"uv": [0, 0, 0.25, 4], "texture": "#4"},
				"west": {"uv": [0, 0, 0.25, 4], "texture": "#4"},
				"up": {"uv": [0, 0, 6, 0.25], "texture": "#4"},
				"down": {"uv": [0, 0, 6, 0.25], "texture": "#4"}
			}
		},
		{
			"from": [4.9, 9, 1.5],
			"to": [5.5, 11, 2],
			"rotation": {"angle": 0, "axis": "y", "origin": [5, 10, 1]},
			"faces": {
				"north": {"uv": [0, 0, 0.6, 2.1], "texture": "#0"},
				"east": {"uv": [0, 0, 0.6, 2.1], "texture": "#0"},
				"west": {"uv": [0, 0, 0.6, 2.1], "texture": "#0"},
				"down": {"uv": [0, 0, 0.6, 2.1], "texture": "#0"}
			}
		},
		{
			"from": [5.75, 10, 1.5],
			"to": [6.25, 11, 1.75],
			"rotation": {"angle": 0, "axis": "y", "origin": [5.75, 10, 1]},
			"faces": {
				"north": {"uv": [0, 0, 0.6, 2.1], "texture": "#0"},
				"east": {"uv": [0, 0, 0.6, 2.1], "texture": "#0"},
				"west": {"uv": [0, 0, 0.6, 2.1], "texture": "#0"},
				"down": {"uv": [0, 0, 0.6, 2.1], "texture": "#0"}
			}
		},
		{
			"from": [6.75, 9.5, 1.5],
			"to": [7.25, 11, 1.75],
			"rotation": {"angle": 0, "axis": "y", "origin": [6.75, 10, 1]},
			"faces": {
				"north": {"uv": [0, 0, 0.6, 2.1], "texture": "#0"},
				"east": {"uv": [0, 0, 0.6, 2.1], "texture": "#0"},
				"west": {"uv": [0, 0, 0.6, 2.1], "texture": "#0"},
				"down": {"uv": [0, 0, 0.6, 2.1], "texture": "#0"}
			}
		},
		{
			"from": [7.5, 8.5, 1.5],
			"to": [8, 11, 1.75],
			"rotation": {"angle": 0, "axis": "y", "origin": [7.5, 10, 1]},
			"faces": {
				"north": {"uv": [0, 0, 0.6, 2.1], "texture": "#0"},
				"east": {"uv": [0, 0, 0.6, 2.1], "texture": "#0"},
				"west": {"uv": [0, 0, 0.6, 2.1], "texture": "#0"},
				"down": {"uv": [0, 0, 0.6, 2.1], "texture": "#0"}
			}
		},
		{
			"from": [8.75, 10.5, 1.5],
			"to": [9.25, 11, 1.75],
			"rotation": {"angle": 0, "axis": "y", "origin": [8.75, 10, 1]},
			"faces": {
				"north": {"uv": [0, 0, 0.6, 2.1], "texture": "#0"},
				"east": {"uv": [0, 0, 0.6, 2.1], "texture": "#0"},
				"west": {"uv": [0, 0, 0.6, 2.1], "texture": "#0"},
				"down": {"uv": [0, 0, 0.6, 2.1], "texture": "#0"}
			}
		},
		{
			"from": [9.5, 9.5, 1.5],
			"to": [10, 11, 1.75],
			"rotation": {"angle": 0, "axis": "y", "origin": [9.5, 10, 1]},
			"faces": {
				"north": {"uv": [0, 0, 0.6, 2.1], "texture": "#0"},
				"east": {"uv": [0, 0, 0.6, 2.1], "texture": "#0"},
				"west": {"uv": [0, 0, 0.6, 2.1], "texture": "#0"},
				"down": {"uv": [0, 0, 0.6, 2.1], "texture": "#0"}
			}
		},
		{
			"from": [10.5, 8, 1.5],
			"to": [11.1, 11, 2],
			"rotation": {"angle": 0, "axis": "y", "origin": [10.5, 10, 1]},
			"faces": {
				"north": {"uv": [0, 0, 0.6, 2.1], "texture": "#0"},
				"east": {"uv": [0, 0, 0.6, 2.1], "texture": "#0"},
				"west": {"uv": [0, 0, 0.6, 2.1], "texture": "#0"},
				"down": {"uv": [0, 0, 0.6, 2.1], "texture": "#0"}
			}
		},
		{
			"from": [4.9, 11, 1.5],
			"to": [11.1, 11.25, 2],
			"rotation": {"angle": 0, "axis": "y", "origin": [5, 11, 1]},
			"faces": {
				"north": {"uv": [0, 0, 6.2, 0.25], "texture": "#0"},
				"east": {"uv": [0, 0, 6.2, 0.25], "texture": "#0"},
				"west": {"uv": [0, 0, 6.2, 0.25], "texture": "#0"},
				"up": {"uv": [0, 0, 6.2, 0.25], "texture": "#0"},
				"down": {"uv": [0, 0, 6.2, 0.25], "texture": "#0"}
			}
		},
		{
			"from": [4.9, 6.75, 1.5],
			"to": [11.1, 7, 2],
			"rotation": {"angle": 0, "axis": "y", "origin": [5, 6, 1]},
			"faces": {
				"north": {"uv": [0, 0, 6.2, 0.25], "texture": "#0"},
				"east": {"uv": [0, 0, 6.2, 0.25], "texture": "#0"},
				"west": {"uv": [0, 0, 6.2, 0.25], "texture": "#0"},
				"up": {"uv": [0, 0, 6.2, 0.25], "texture": "#0"},
				"down": {"uv": [0, 0, 6.2, 0.25], "texture": "#0"}
			}
		},
		{
			"from": [4.9, 7, 1.5],
			"to": [5.5, 7.5, 1.75],
			"rotation": {"angle": 0, "axis": "y", "origin": [5, 8, 1]},
			"faces": {
				"north": {"uv": [0, 0, 0.6, 2.1], "texture": "#0"},
				"east": {"uv": [0, 0, 0.6, 2.1], "texture": "#0"},
				"west": {"uv": [0, 0, 0.6, 2.1], "texture": "#0"},
				"up": {"uv": [0, 0, 0, 0], "texture": "#0"}
			}
		},
		{
			"from": [5.9, 7, 1.5],
			"to": [6.5, 8, 1.75],
			"rotation": {"angle": 0, "axis": "y", "origin": [6, 8, 1]},
			"faces": {
				"north": {"uv": [0, 0, 0.6, 2.1], "texture": "#0"},
				"east": {"uv": [0, 0, 0.6, 2.1], "texture": "#0"},
				"west": {"uv": [0, 0, 0.6, 2.1], "texture": "#0"},
				"up": {"uv": [0, 0, 0, 0], "texture": "#0"}
			}
		},
		{
			"from": [6.9, 7, 1.5],
			"to": [7.5, 7.25, 1.75],
			"rotation": {"angle": 0, "axis": "y", "origin": [7, 8, 1]},
			"faces": {
				"north": {"uv": [0, 0, 0.6, 2.1], "texture": "#0"},
				"east": {"uv": [0, 0, 0.6, 2.1], "texture": "#0"},
				"west": {"uv": [0, 0, 0.6, 2.1], "texture": "#0"},
				"up": {"uv": [0, 0, 0, 0], "texture": "#0"}
			}
		},
		{
			"from": [8.4, 7, 1.5],
			"to": [9, 8.75, 1.75],
			"rotation": {"angle": 0, "axis": "y", "origin": [8.5, 8, 1]},
			"faces": {
				"north": {"uv": [0, 0, 0.6, 2.1], "texture": "#0"},
				"east": {"uv": [0, 0, 0.6, 2.1], "texture": "#0"},
				"west": {"uv": [0, 0, 0.6, 2.1], "texture": "#0"},
				"up": {"uv": [0, 0, 0, 0], "texture": "#0"}
			}
		},
		{
			"from": [9.65, 7, 1.5],
			"to": [10.25, 7.75, 1.75],
			"rotation": {"angle": 0, "axis": "y", "origin": [9.75, 8, 1]},
			"faces": {
				"north": {"uv": [0, 0, 0.6, 2.1], "texture": "#0"},
				"east": {"uv": [0, 0, 0.6, 2.1], "texture": "#0"},
				"west": {"uv": [0, 0, 0.6, 2.1], "texture": "#0"},
				"up": {"uv": [0, 0, 0, 0], "texture": "#0"}
			}
		}
	],
	"display": {
		"head": {
			"translation": [0, -13.25, 13.5],
			"scale": [4, 4, 4]
		}
	},
	"groups": [
		{
			"name": "group",
			"origin": [8, 8, 8],
			"color": 0,
			"children": [
				{
					"name": "feet",
					"origin": [8, 8, 8],
					"color": 0,
					"children": [
						{
							"name": "tume",
							"origin": [8, 8, 8],
							"color": 0,
							"children": [0, 1]
						},
						{
							"name": "tume",
							"origin": [8, 8, 8],
							"color": 0,
							"children": [2, 3]
						},
						{
							"name": "tume",
							"origin": [8, 8, 8],
							"color": 0,
							"children": [4, 5]
						},
						6,
						7
					]
				},
				{
					"name": "feet",
					"origin": [8, 8, 8],
					"color": 0,
					"children": [
						{
							"name": "tume",
							"origin": [8, 8, 8],
							"color": 0,
							"children": [8, 9]
						},
						{
							"name": "tume",
							"origin": [8, 8, 8],
							"color": 0,
							"children": [10, 11]
						},
						{
							"name": "tume",
							"origin": [8, 8, 8],
							"color": 0,
							"children": [12, 13]
						},
						14,
						15
					]
				},
				16,
				17,
				18,
				19,
				20,
				21,
				22,
				23
			]
		},
		24,
		25,
		{
			"name": "ueha",
			"origin": [8, 8, 8],
			"color": 0,
			"children": [26, 27, 28, 29, 30, 31, 32, 33]
		},
		{
			"name": "sitaha",
			"origin": [8, 8, 8],
			"color": 0,
			"children": [34, 35, 36, 37, 38, 39]
		}
	]
}