{
    "providers": [
        {
            "type": "bitmap",
            "file": "minecraft:font/1.png",
            "height": 15,
            "ascent": 15,
            "chars": ["\u2680"]
        },
        {
            "type": "bitmap",
            "file": "minecraft:font/2.png",
            "height": 15,
            "ascent": 15,
            "chars": ["\u2681"]
        },
        {
            "type": "bitmap",
            "file": "minecraft:font/3.png",
            "height": 15,
            "ascent": 15,
            "chars": ["\u2682"]
        },
        {
            "type": "bitmap",
            "file": "minecraft:font/4.png",
            "height": 15,
            "ascent": 15,
            "chars": ["\u2683"]
        },
        {
            "type": "bitmap",
            "file": "minecraft:font/5.png",
            "height": 15,
            "ascent": 15,
            "chars": ["\u2684"]
        },
        {
            "type": "bitmap",
            "file": "minecraft:font/6.png",
            "height": 15,
            "ascent": 15,
            "chars": ["\u2685"]
        }
    ]
}