{
	"credit": "Made with Blockbench",
	"textures": {
		"0": "#log",
		"1": "#planks",
		"particle": "#log"
	},
	"elements": [
		{
			"from": [-8, 14, 0],
			"to": [24, 16, 16],
			"rotation": {"angle": 0, "axis": "y", "origin": [0, 14, 0]},
			"faces": {
				"north": {"uv": [0, 0, 16, 2], "texture": "#0"},
				"east": {"uv": [0, 0, 16, 2], "texture": "#0"},
				"south": {"uv": [0, 0, 16, 2], "texture": "#0"},
				"west": {"uv": [0, 0, 16, 2], "texture": "#0"},
				"up": {"uv": [0, 0, 16, 16], "texture": "#1"},
				"down": {"uv": [0, 0, 16, 16], "texture": "#0"}
			}
		},
		{
			"from": [-6.25, 13, 0.75],
			"to": [-2.75, 14, 4.25],
			"rotation": {"angle": 0, "axis": "x", "origin": [-5, 15, 2]},
			"faces": {
				"north": {"uv": [0, 0, 3.5, 1], "texture": "#0"},
				"east": {"uv": [0, 0, 3.5, 1], "texture": "#0"},
				"south": {"uv": [0, 0, 3.5, 1], "texture": "#0"},
				"west": {"uv": [0, 0, 3.5, 1], "texture": "#0"},
				"up": {"uv": [0, 0, 3.5, 3.5], "texture": "#missing"},
				"down": {"uv": [0, 0, 3.5, 3.5], "texture": "#0"}
			}
		},
		{
			"from": [-6, 0, 1],
			"to": [-3, 1, 4],
			"rotation": {"angle": 0, "axis": "y", "origin": [-5, 10.5, 2]},
			"faces": {
				"north": {"uv": [0, 0, 3, 1], "texture": "#0"},
				"east": {"uv": [0, 0, 3, 1], "texture": "#0"},
				"south": {"uv": [0, 0, 3, 1], "texture": "#0"},
				"west": {"uv": [0, 0, 3, 1], "texture": "#0"},
				"up": {"uv": [0, 0, 3, 3], "texture": "#0"},
				"down": {"uv": [0, 0, 3, 3], "texture": "#1"}
			}
		},
		{
			"from": [-5.75, 1, 1.25],
			"to": [-3.25, 2, 3.75],
			"rotation": {"angle": 0, "axis": "x", "origin": [-5, 12, 2]},
			"faces": {
				"north": {"uv": [0, 0, 2.5, 1], "texture": "#0"},
				"east": {"uv": [0, 0, 2.5, 1], "texture": "#0"},
				"south": {"uv": [0, 0, 2.5, 1], "texture": "#0"},
				"west": {"uv": [0, 0, 2.5, 1], "texture": "#0"},
				"up": {"uv": [0, 0, 2.5, 2.5], "texture": "#missing"},
				"down": {"uv": [0, 0, 2.5, 2.5], "texture": "#missing"}
			}
		},
		{
			"from": [-6, 2, 1],
			"to": [-3, 3, 4],
			"rotation": {"angle": 0, "axis": "x", "origin": [-5, 11, 2]},
			"faces": {
				"north": {"uv": [0, 0, 3, 1], "texture": "#0"},
				"east": {"uv": [0, 0, 3, 1], "texture": "#0"},
				"south": {"uv": [0, 0, 3, 1], "texture": "#0"},
				"west": {"uv": [0, 0, 3, 1], "texture": "#0"},
				"up": {"uv": [0, 0, 3, 3], "texture": "#missing"},
				"down": {"uv": [0, 0, 3, 3], "texture": "#0"}
			}
		},
		{
			"from": [-6.25, 3, 0.75],
			"to": [-2.75, 9, 4.25],
			"rotation": {"angle": 0, "axis": "x", "origin": [-5, 11, 2]},
			"faces": {
				"north": {"uv": [0, 0, 3.5, 6], "texture": "#0"},
				"east": {"uv": [0, 0, 3.5, 6], "texture": "#0"},
				"south": {"uv": [0, 0, 3.5, 6], "texture": "#0"},
				"west": {"uv": [0, 0, 3.5, 6], "texture": "#0"},
				"up": {"uv": [0, 0, 3.5, 3.5], "texture": "#0"},
				"down": {"uv": [0, 0, 3.5, 3.5], "texture": "#0"}
			}
		},
		{
			"from": [-6, 9, 1],
			"to": [-3, 10, 4],
			"rotation": {"angle": 0, "axis": "x", "origin": [-5, 12, 2]},
			"faces": {
				"north": {"uv": [0, 0, 3, 1], "texture": "#0"},
				"east": {"uv": [0, 0, 3, 1], "texture": "#0"},
				"south": {"uv": [0, 0, 3, 1], "texture": "#0"},
				"west": {"uv": [0, 0, 3, 1], "texture": "#0"},
				"up": {"uv": [0, 0, 3, 3], "texture": "#missing"},
				"down": {"uv": [0, 0, 3, 3], "texture": "#missing"}
			}
		},
		{
			"from": [-6.25, 10, 0.75],
			"to": [-2.75, 12, 4.25],
			"rotation": {"angle": 0, "axis": "x", "origin": [-5, 13, 2]},
			"faces": {
				"north": {"uv": [0, 0, 3.5, 2], "texture": "#0"},
				"east": {"uv": [0, 0, 3.5, 2], "texture": "#0"},
				"south": {"uv": [0, 0, 3.5, 2], "texture": "#0"},
				"west": {"uv": [0, 0, 3.5, 2], "texture": "#0"},
				"up": {"uv": [0, 0, 3.5, 3.5], "texture": "#0"},
				"down": {"uv": [0, 0, 3.5, 3.5], "texture": "#0"}
			}
		},
		{
			"from": [-6, 12, 1],
			"to": [-3, 13, 4],
			"rotation": {"angle": 0, "axis": "x", "origin": [-5, 14, 2]},
			"faces": {
				"north": {"uv": [0, 0, 3, 1], "texture": "#0"},
				"east": {"uv": [0, 0, 3, 1], "texture": "#0"},
				"south": {"uv": [0, 0, 3, 1], "texture": "#0"},
				"west": {"uv": [0, 0, 3, 1], "texture": "#0"},
				"up": {"uv": [0, 0, 3, 3], "texture": "#missing"},
				"down": {"uv": [0, 0, 3, 3], "texture": "#missing"}
			}
		},
		{
			"from": [18.75, 13, 0.75],
			"to": [22.25, 14, 4.25],
			"rotation": {"angle": 0, "axis": "x", "origin": [20, 15, 2]},
			"faces": {
				"north": {"uv": [0, 0, 3.5, 1], "texture": "#0"},
				"east": {"uv": [0, 0, 3.5, 1], "texture": "#0"},
				"south": {"uv": [0, 0, 3.5, 1], "texture": "#0"},
				"west": {"uv": [0, 0, 3.5, 1], "texture": "#0"},
				"up": {"uv": [0, 0, 3.5, 3.5], "texture": "#missing"},
				"down": {"uv": [0, 0, 3.5, 3.5], "texture": "#0"}
			}
		},
		{
			"from": [19, 0, 1],
			"to": [22, 1, 4],
			"rotation": {"angle": 0, "axis": "y", "origin": [20, 10.5, 2]},
			"faces": {
				"north": {"uv": [0, 0, 3, 1], "texture": "#0"},
				"east": {"uv": [0, 0, 3, 1], "texture": "#0"},
				"south": {"uv": [0, 0, 3, 1], "texture": "#0"},
				"west": {"uv": [0, 0, 3, 1], "texture": "#0"},
				"up": {"uv": [0, 0, 3, 3], "texture": "#0"},
				"down": {"uv": [0, 0, 3, 3], "texture": "#1"}
			}
		},
		{
			"from": [19.25, 1, 1.25],
			"to": [21.75, 2, 3.75],
			"rotation": {"angle": 0, "axis": "x", "origin": [20, 12, 2]},
			"faces": {
				"north": {"uv": [0, 0, 2.5, 1], "texture": "#0"},
				"east": {"uv": [0, 0, 2.5, 1], "texture": "#0"},
				"south": {"uv": [0, 0, 2.5, 1], "texture": "#0"},
				"west": {"uv": [0, 0, 2.5, 1], "texture": "#0"},
				"up": {"uv": [0, 0, 2.5, 2.5], "texture": "#missing"},
				"down": {"uv": [0, 0, 2.5, 2.5], "texture": "#missing"}
			}
		},
		{
			"from": [19, 2, 1],
			"to": [22, 3, 4],
			"rotation": {"angle": 0, "axis": "x", "origin": [20, 11, 2]},
			"faces": {
				"north": {"uv": [0, 0, 3, 1], "texture": "#0"},
				"east": {"uv": [0, 0, 3, 1], "texture": "#0"},
				"south": {"uv": [0, 0, 3, 1], "texture": "#0"},
				"west": {"uv": [0, 0, 3, 1], "texture": "#0"},
				"up": {"uv": [0, 0, 3, 3], "texture": "#missing"},
				"down": {"uv": [0, 0, 3, 3], "texture": "#0"}
			}
		},
		{
			"from": [18.75, 3, 0.75],
			"to": [22.25, 9, 4.25],
			"rotation": {"angle": 0, "axis": "x", "origin": [20, 11, 2]},
			"faces": {
				"north": {"uv": [0, 0, 3.5, 6], "texture": "#0"},
				"east": {"uv": [0, 0, 3.5, 6], "texture": "#0"},
				"south": {"uv": [0, 0, 3.5, 6], "texture": "#0"},
				"west": {"uv": [0, 0, 3.5, 6], "texture": "#0"},
				"up": {"uv": [0, 0, 3.5, 3.5], "texture": "#0"},
				"down": {"uv": [0, 0, 3.5, 3.5], "texture": "#0"}
			}
		},
		{
			"from": [19, 9, 1],
			"to": [22, 10, 4],
			"rotation": {"angle": 0, "axis": "x", "origin": [20, 12, 2]},
			"faces": {
				"north": {"uv": [0, 0, 3, 1], "texture": "#0"},
				"east": {"uv": [0, 0, 3, 1], "texture": "#0"},
				"south": {"uv": [0, 0, 3, 1], "texture": "#0"},
				"west": {"uv": [0, 0, 3, 1], "texture": "#0"},
				"up": {"uv": [0, 0, 3, 3], "texture": "#missing"},
				"down": {"uv": [0, 0, 3, 3], "texture": "#missing"}
			}
		},
		{
			"from": [18.75, 10, 0.75],
			"to": [22.25, 12, 4.25],
			"rotation": {"angle": 0, "axis": "x", "origin": [20, 13, 2]},
			"faces": {
				"north": {"uv": [0, 0, 3.5, 2], "texture": "#0"},
				"east": {"uv": [0, 0, 3.5, 2], "texture": "#0"},
				"south": {"uv": [0, 0, 3.5, 2], "texture": "#0"},
				"west": {"uv": [0, 0, 3.5, 2], "texture": "#0"},
				"up": {"uv": [0, 0, 3.5, 3.5], "texture": "#0"},
				"down": {"uv": [0, 0, 3.5, 3.5], "texture": "#0"}
			}
		},
		{
			"from": [19, 12, 1],
			"to": [22, 13, 4],
			"rotation": {"angle": 0, "axis": "x", "origin": [20, 14, 2]},
			"faces": {
				"north": {"uv": [0, 0, 3, 1], "texture": "#0"},
				"east": {"uv": [0, 0, 3, 1], "texture": "#0"},
				"south": {"uv": [0, 0, 3, 1], "texture": "#0"},
				"west": {"uv": [0, 0, 3, 1], "texture": "#0"},
				"up": {"uv": [0, 0, 3, 3], "texture": "#missing"},
				"down": {"uv": [0, 0, 3, 3], "texture": "#missing"}
			}
		},
		{
			"from": [-6.25, 13, 11.75],
			"to": [-2.75, 14, 15.25],
			"rotation": {"angle": 0, "axis": "x", "origin": [-5, 15, 13]},
			"faces": {
				"north": {"uv": [0, 0, 3.5, 1], "texture": "#0"},
				"east": {"uv": [0, 0, 3.5, 1], "texture": "#0"},
				"south": {"uv": [0, 0, 3.5, 1], "texture": "#0"},
				"west": {"uv": [0, 0, 3.5, 1], "texture": "#0"},
				"up": {"uv": [0, 0, 3.5, 3.5], "texture": "#missing"},
				"down": {"uv": [0, 0, 3.5, 3.5], "texture": "#0"}
			}
		},
		{
			"from": [-6, 0, 12],
			"to": [-3, 1, 15],
			"rotation": {"angle": 0, "axis": "y", "origin": [-5, 10.5, 13]},
			"faces": {
				"north": {"uv": [0, 0, 3, 1], "texture": "#0"},
				"east": {"uv": [0, 0, 3, 1], "texture": "#0"},
				"south": {"uv": [0, 0, 3, 1], "texture": "#0"},
				"west": {"uv": [0, 0, 3, 1], "texture": "#0"},
				"up": {"uv": [0, 0, 3, 3], "texture": "#0"},
				"down": {"uv": [0, 0, 3, 3], "texture": "#1"}
			}
		},
		{
			"from": [-5.75, 1, 12.25],
			"to": [-3.25, 2, 14.75],
			"rotation": {"angle": 0, "axis": "x", "origin": [-5, 12, 13]},
			"faces": {
				"north": {"uv": [0, 0, 2.5, 1], "texture": "#0"},
				"east": {"uv": [0, 0, 2.5, 1], "texture": "#0"},
				"south": {"uv": [0, 0, 2.5, 1], "texture": "#0"},
				"west": {"uv": [0, 0, 2.5, 1], "texture": "#0"},
				"up": {"uv": [0, 0, 2.5, 2.5], "texture": "#missing"},
				"down": {"uv": [0, 0, 2.5, 2.5], "texture": "#missing"}
			}
		},
		{
			"from": [-6, 2, 12],
			"to": [-3, 3, 15],
			"rotation": {"angle": 0, "axis": "x", "origin": [-5, 11, 13]},
			"faces": {
				"north": {"uv": [0, 0, 3, 1], "texture": "#0"},
				"east": {"uv": [0, 0, 3, 1], "texture": "#0"},
				"south": {"uv": [0, 0, 3, 1], "texture": "#0"},
				"west": {"uv": [0, 0, 3, 1], "texture": "#0"},
				"up": {"uv": [0, 0, 3, 3], "texture": "#missing"},
				"down": {"uv": [0, 0, 3, 3], "texture": "#0"}
			}
		},
		{
			"from": [-6.25, 3, 11.75],
			"to": [-2.75, 9, 15.25],
			"rotation": {"angle": 0, "axis": "x", "origin": [-5, 11, 13]},
			"faces": {
				"north": {"uv": [0, 0, 3.5, 6], "texture": "#0"},
				"east": {"uv": [0, 0, 3.5, 6], "texture": "#0"},
				"south": {"uv": [0, 0, 3.5, 6], "texture": "#0"},
				"west": {"uv": [0, 0, 3.5, 6], "texture": "#0"},
				"up": {"uv": [0, 0, 3.5, 3.5], "texture": "#0"},
				"down": {"uv": [0, 0, 3.5, 3.5], "texture": "#0"}
			}
		},
		{
			"from": [-6, 9, 12],
			"to": [-3, 10, 15],
			"rotation": {"angle": 0, "axis": "x", "origin": [-5, 12, 13]},
			"faces": {
				"north": {"uv": [0, 0, 3, 1], "texture": "#0"},
				"east": {"uv": [0, 0, 3, 1], "texture": "#0"},
				"south": {"uv": [0, 0, 3, 1], "texture": "#0"},
				"west": {"uv": [0, 0, 3, 1], "texture": "#0"},
				"up": {"uv": [0, 0, 3, 3], "texture": "#missing"},
				"down": {"uv": [0, 0, 3, 3], "texture": "#missing"}
			}
		},
		{
			"from": [-6.25, 10, 11.75],
			"to": [-2.75, 12, 15.25],
			"rotation": {"angle": 0, "axis": "x", "origin": [-5, 13, 13]},
			"faces": {
				"north": {"uv": [0, 0, 3.5, 2], "texture": "#0"},
				"east": {"uv": [0, 0, 3.5, 2], "texture": "#0"},
				"south": {"uv": [0, 0, 3.5, 2], "texture": "#0"},
				"west": {"uv": [0, 0, 3.5, 2], "texture": "#0"},
				"up": {"uv": [0, 0, 3.5, 3.5], "texture": "#0"},
				"down": {"uv": [0, 0, 3.5, 3.5], "texture": "#0"}
			}
		},
		{
			"from": [-6, 12, 12],
			"to": [-3, 13, 15],
			"rotation": {"angle": 0, "axis": "x", "origin": [-5, 14, 13]},
			"faces": {
				"north": {"uv": [0, 0, 3, 1], "texture": "#0"},
				"east": {"uv": [0, 0, 3, 1], "texture": "#0"},
				"south": {"uv": [0, 0, 3, 1], "texture": "#0"},
				"west": {"uv": [0, 0, 3, 1], "texture": "#0"},
				"up": {"uv": [0, 0, 3, 3], "texture": "#missing"},
				"down": {"uv": [0, 0, 3, 3], "texture": "#missing"}
			}
		},
		{
			"from": [18.75, 13, 11.75],
			"to": [22.25, 14, 15.25],
			"rotation": {"angle": 0, "axis": "x", "origin": [20, 15, 13]},
			"faces": {
				"north": {"uv": [0, 0, 3.5, 1], "texture": "#0"},
				"east": {"uv": [0, 0, 3.5, 1], "texture": "#0"},
				"south": {"uv": [0, 0, 3.5, 1], "texture": "#0"},
				"west": {"uv": [0, 0, 3.5, 1], "texture": "#0"},
				"up": {"uv": [0, 0, 3.5, 3.5], "texture": "#missing"},
				"down": {"uv": [0, 0, 3.5, 3.5], "texture": "#0"}
			}
		},
		{
			"from": [19, 0, 12],
			"to": [22, 1, 15],
			"rotation": {"angle": 0, "axis": "y", "origin": [20, 10.5, 13]},
			"faces": {
				"north": {"uv": [0, 0, 3, 1], "texture": "#0"},
				"east": {"uv": [0, 0, 3, 1], "texture": "#0"},
				"south": {"uv": [0, 0, 3, 1], "texture": "#0"},
				"west": {"uv": [0, 0, 3, 1], "texture": "#0"},
				"up": {"uv": [0, 0, 3, 3], "texture": "#0"},
				"down": {"uv": [0, 0, 3, 3], "texture": "#1"}
			}
		},
		{
			"from": [19.25, 1, 12.25],
			"to": [21.75, 2, 14.75],
			"rotation": {"angle": 0, "axis": "x", "origin": [20, 12, 13]},
			"faces": {
				"north": {"uv": [0, 0, 2.5, 1], "texture": "#0"},
				"east": {"uv": [0, 0, 2.5, 1], "texture": "#0"},
				"south": {"uv": [0, 0, 2.5, 1], "texture": "#0"},
				"west": {"uv": [0, 0, 2.5, 1], "texture": "#0"},
				"up": {"uv": [0, 0, 2.5, 2.5], "texture": "#missing"},
				"down": {"uv": [0, 0, 2.5, 2.5], "texture": "#missing"}
			}
		},
		{
			"from": [19, 2, 12],
			"to": [22, 3, 15],
			"rotation": {"angle": 0, "axis": "x", "origin": [20, 11, 13]},
			"faces": {
				"north": {"uv": [0, 0, 3, 1], "texture": "#0"},
				"east": {"uv": [0, 0, 3, 1], "texture": "#0"},
				"south": {"uv": [0, 0, 3, 1], "texture": "#0"},
				"west": {"uv": [0, 0, 3, 1], "texture": "#0"},
				"up": {"uv": [0, 0, 3, 3], "texture": "#missing"},
				"down": {"uv": [0, 0, 3, 3], "texture": "#0"}
			}
		},
		{
			"from": [18.75, 3, 11.75],
			"to": [22.25, 9, 15.25],
			"rotation": {"angle": 0, "axis": "x", "origin": [20, 11, 13]},
			"faces": {
				"north": {"uv": [0, 0, 3.5, 6], "texture": "#0"},
				"east": {"uv": [0, 0, 3.5, 6], "texture": "#0"},
				"south": {"uv": [0, 0, 3.5, 6], "texture": "#0"},
				"west": {"uv": [0, 0, 3.5, 6], "texture": "#0"},
				"up": {"uv": [0, 0, 3.5, 3.5], "texture": "#0"},
				"down": {"uv": [0, 0, 3.5, 3.5], "texture": "#0"}
			}
		},
		{
			"from": [19, 9, 12],
			"to": [22, 10, 15],
			"rotation": {"angle": 0, "axis": "x", "origin": [20, 12, 13]},
			"faces": {
				"north": {"uv": [0, 0, 3, 1], "texture": "#0"},
				"east": {"uv": [0, 0, 3, 1], "texture": "#0"},
				"south": {"uv": [0, 0, 3, 1], "texture": "#0"},
				"west": {"uv": [0, 0, 3, 1], "texture": "#0"},
				"up": {"uv": [0, 0, 3, 3], "texture": "#missing"},
				"down": {"uv": [0, 0, 3, 3], "texture": "#missing"}
			}
		},
		{
			"from": [18.75, 10, 11.75],
			"to": [22.25, 12, 15.25],
			"rotation": {"angle": 0, "axis": "x", "origin": [20, 13, 13]},
			"faces": {
				"north": {"uv": [0, 0, 3.5, 2], "texture": "#0"},
				"east": {"uv": [0, 0, 3.5, 2], "texture": "#0"},
				"south": {"uv": [0, 0, 3.5, 2], "texture": "#0"},
				"west": {"uv": [0, 0, 3.5, 2], "texture": "#0"},
				"up": {"uv": [0, 0, 3.5, 3.5], "texture": "#0"},
				"down": {"uv": [0, 0, 3.5, 3.5], "texture": "#0"}
			}
		},
		{
			"from": [19, 12, 12],
			"to": [22, 13, 15],
			"rotation": {"angle": 0, "axis": "x", "origin": [20, 14, 13]},
			"faces": {
				"north": {"uv": [0, 0, 3, 1], "texture": "#0"},
				"east": {"uv": [0, 0, 3, 1], "texture": "#0"},
				"south": {"uv": [0, 0, 3, 1], "texture": "#0"},
				"west": {"uv": [0, 0, 3, 1], "texture": "#0"},
				"up": {"uv": [0, 0, 3, 3], "texture": "#missing"},
				"down": {"uv": [0, 0, 3, 3], "texture": "#missing"}
			}
		}
	],
	"display": {
		"thirdperson_righthand": {
			"scale": [0.5, 0.5, 0.5]
		},
		"thirdperson_lefthand": {
			"scale": [0.5, 0.5, 0.5]
		},
		"firstperson_righthand": {
			"translation": [0, 1.25, 0],
			"scale": [0.5, 0.5, 0.5]
		},
		"firstperson_lefthand": {
			"translation": [0, 1.25, 0],
			"scale": [0.5, 0.5, 0.5]
		},
		"ground": {
			"scale": [0.5, 0.5, 0.5]
		},
		"gui": {
			"rotation": [24.66, -49.15, -6.69],
			"scale": [0.5, 0.5, 0.5]
		},
		"fixed": {
			"rotation": [-90, 0, 0],
			"translation": [0, 0, -16],
			"scale": [2, 2, 2]
		}
	},
	"groups": [
		0,
		{
			"name": "group",
			"origin": [8, 8, 8],
			"color": 0,
			"children": [1, 2, 3, 4, 5, 6, 7, 8]
		},
		{
			"name": "group",
			"origin": [8, 8, 8],
			"color": 0,
			"children": [9, 10, 11, 12, 13, 14, 15, 16]
		},
		{
			"name": "group",
			"origin": [8, 8, 8],
			"color": 0,
			"children": [17, 18, 19, 20, 21, 22, 23, 24]
		},
		{
			"name": "group",
			"origin": [8, 8, 8],
			"color": 0,
			"children": [25, 26, 27, 28, 29, 30, 31, 32]
		}
	]
}