{
	"credit": "Made with Blockbench",
	"textures": {
		"0": "block/black_concrete",
		"1": "block/red_concrete",
		"2": "block/white_concrete",
		"particle": "block/black_concrete"
	},
	"elements": [
		{
			"from": [2, 0, 2],
			"to": [14, 11, 14],
			"rotation": {"angle": 0, "axis": "y", "origin": [2, 0, 2]},
			"faces": {
				"north": {"uv": [0, 0, 12, 11], "texture": "#0"},
				"east": {"uv": [0, 0, 12, 11], "texture": "#0"},
				"south": {"uv": [0, 0, 12, 11], "texture": "#0"},
				"west": {"uv": [0, 0, 12, 11], "texture": "#0"},
				"up": {"uv": [0, 0, 12, 11], "texture": "#0"},
				"down": {"uv": [0, 0, 12, 11], "texture": "#0"}
			}
		},
		{
			"from": [4, 2, 1.85],
			"to": [6, 7, 2],
			"rotation": {"angle": 0, "axis": "y", "origin": [3, 5, 1]},
			"faces": {
				"north": {"uv": [0, 0, 2, 5], "texture": "#1"},
				"east": {"uv": [0, 0, 2, 5], "texture": "#1"},
				"west": {"uv": [0, 0, 2, 5], "texture": "#1"},
				"up": {"uv": [0, 0, 2, 5], "texture": "#1"},
				"down": {"uv": [0, 0, 2, 5], "texture": "#1"}
			}
		},
		{
			"from": [6, 3, 1.85],
			"to": [7, 6, 2],
			"rotation": {"angle": 0, "axis": "y", "origin": [5, 5, 1]},
			"faces": {
				"north": {"uv": [0, 0, 2, 5], "texture": "#1"},
				"east": {"uv": [0, 0, 2, 5], "texture": "#1"},
				"west": {"uv": [0, 0, 2, 5], "texture": "#1"},
				"up": {"uv": [0, 0, 2, 5], "texture": "#1"},
				"down": {"uv": [0, 0, 2, 5], "texture": "#1"}
			}
		},
		{
			"from": [3, 3, 1.85],
			"to": [4, 6, 2],
			"rotation": {"angle": 0, "axis": "y", "origin": [2, 5, 1]},
			"faces": {
				"north": {"uv": [0, 0, 2, 5], "texture": "#1"},
				"east": {"uv": [0, 0, 2, 5], "texture": "#1"},
				"west": {"uv": [0, 0, 2, 5], "texture": "#1"},
				"up": {"uv": [0, 0, 2, 5], "texture": "#1"},
				"down": {"uv": [0, 0, 2, 5], "texture": "#1"}
			}
		},
		{
			"from": [4.5, 2.5, 1.75],
			"to": [5.5, 6.5, 2],
			"rotation": {"angle": 0, "axis": "y", "origin": [4.5, 3, 1]},
			"faces": {
				"north": {"uv": [0, 0, 1.5, 4], "texture": "#2"},
				"east": {"uv": [0, 0, 1.5, 4], "texture": "#2"},
				"west": {"uv": [0, 0, 1.5, 4], "texture": "#2"},
				"up": {"uv": [0, 0, 1.5, 4], "texture": "#2"},
				"down": {"uv": [0, 0, 1.5, 4], "texture": "#2"}
			}
		},
		{
			"from": [9.5, 3.5, 1.85],
			"to": [12.5, 9.5, 2],
			"rotation": {"angle": 0, "axis": "y", "origin": [9, 7, 1]},
			"faces": {
				"north": {"uv": [0, 0, 2, 5], "texture": "#1"},
				"east": {"uv": [0, 0, 2, 5], "texture": "#1"},
				"west": {"uv": [0, 0, 2, 5], "texture": "#1"},
				"up": {"uv": [0, 0, 2, 5], "texture": "#1"},
				"down": {"uv": [0, 0, 2, 5], "texture": "#1"}
			}
		},
		{
			"from": [12.5, 4.5, 1.85],
			"to": [13.5, 8.5, 2],
			"rotation": {"angle": 0, "axis": "y", "origin": [11.5, 7, 1]},
			"faces": {
				"north": {"uv": [0, 0, 2, 5], "texture": "#1"},
				"east": {"uv": [0, 0, 2, 5], "texture": "#1"},
				"west": {"uv": [0, 0, 2, 5], "texture": "#1"},
				"up": {"uv": [0, 0, 2, 5], "texture": "#1"},
				"down": {"uv": [0, 0, 2, 5], "texture": "#1"}
			}
		},
		{
			"from": [8.5, 4.5, 1.85],
			"to": [9.5, 8.5, 2],
			"rotation": {"angle": 0, "axis": "y", "origin": [7.5, 7, 1]},
			"faces": {
				"north": {"uv": [0, 0, 2, 5], "texture": "#1"},
				"east": {"uv": [0, 0, 2, 5], "texture": "#1"},
				"west": {"uv": [0, 0, 2, 5], "texture": "#1"},
				"up": {"uv": [0, 0, 2, 5], "texture": "#1"},
				"down": {"uv": [0, 0, 2, 5], "texture": "#1"}
			}
		},
		{
			"from": [10.5, 4.5, 1.75],
			"to": [11.5, 8.5, 2],
			"rotation": {"angle": 0, "axis": "y", "origin": [10.5, 5, 1]},
			"faces": {
				"north": {"uv": [0, 0, 1.5, 4], "texture": "#2"},
				"east": {"uv": [0, 0, 1.5, 4], "texture": "#2"},
				"west": {"uv": [0, 0, 1.5, 4], "texture": "#2"},
				"up": {"uv": [0, 0, 1.5, 4], "texture": "#2"},
				"down": {"uv": [0, 0, 1.5, 4], "texture": "#2"}
			}
		},
		{
			"from": [-0.5, 7.5, 5],
			"to": [3.5, 8.5, 6],
			"rotation": {"angle": 45, "axis": "z", "origin": [3.5, 8, 5.5]},
			"faces": {
				"north": {"uv": [0, 0, 1, 4], "rotation": 90, "texture": "#0"},
				"south": {"uv": [0, 0, 1, 4], "rotation": 270, "texture": "#0"},
				"up": {"uv": [0, 0, 1, 4], "rotation": 270, "texture": "#0"},
				"down": {"uv": [0, 0, 1, 4], "rotation": 270, "texture": "#0"}
			}
		},
		{
			"from": [-1.5, 7.25, 4.9],
			"to": [-0.5, 8.75, 6.1],
			"rotation": {"angle": 45, "axis": "z", "origin": [3.5, 8, 5.5]},
			"faces": {
				"north": {"uv": [0, 0, 3, 1.5], "rotation": 90, "texture": "#0"},
				"east": {"uv": [0, 0, 3, 1.5], "rotation": 270, "texture": "#0"},
				"south": {"uv": [0, 0, 3, 1.5], "rotation": 270, "texture": "#0"},
				"west": {"uv": [0, 0, 3, 1.5], "rotation": 270, "texture": "#0"},
				"up": {"uv": [0, 0, 3, 1.5], "rotation": 270, "texture": "#0"},
				"down": {"uv": [0, 0, 3, 1.5], "rotation": 270, "texture": "#0"}
			}
		},
		{
			"from": [-3.07977, 6.39419, 5],
			"to": [-1.07977, 6.89419, 6],
			"rotation": {"angle": 22.5, "axis": "z", "origin": [3.5, 8, 5.5]},
			"faces": {
				"north": {"uv": [0, 0, 0.5, 2], "rotation": 90, "texture": "#0"},
				"south": {"uv": [0, 0, 0.5, 2], "rotation": 270, "texture": "#0"},
				"west": {"uv": [0, 0, 0.5, 2], "rotation": 270, "texture": "#0"},
				"up": {"uv": [0, 0, 0.5, 2], "rotation": 270, "texture": "#0"},
				"down": {"uv": [0, 0, 0.5, 2], "rotation": 270, "texture": "#0"}
			}
		},
		{
			"from": [1.89419, 1.42023, 5],
			"to": [2.39419, 3.42023, 6],
			"rotation": {"angle": -22.5, "axis": "z", "origin": [3.5, 8, 5.5]},
			"faces": {
				"north": {"uv": [0, 0, 0.5, 2], "rotation": 180, "texture": "#0"},
				"east": {"uv": [0, 0, 0.5, 2], "rotation": 180, "texture": "#0"},
				"south": {"uv": [0, 0, 0.5, 2], "rotation": 180, "texture": "#0"},
				"west": {"uv": [0, 0, 0.5, 2], "rotation": 180, "texture": "#0"},
				"down": {"uv": [0, 0, 0.5, 2], "rotation": 180, "texture": "#0"}
			}
		},
		{
			"from": [-3.25, 7.75, 5],
			"to": [-1.25, 8.25, 6],
			"rotation": {"angle": 45, "axis": "z", "origin": [3.5, 8, 5.5]},
			"faces": {
				"north": {"uv": [0, 0, 0.5, 2], "rotation": 90, "texture": "#0"},
				"south": {"uv": [0, 0, 0.5, 2], "rotation": 270, "texture": "#0"},
				"west": {"uv": [0, 0, 0.5, 2], "rotation": 270, "texture": "#0"},
				"up": {"uv": [0, 0, 0.5, 2], "rotation": 270, "texture": "#0"},
				"down": {"uv": [0, 0, 0.5, 2], "rotation": 270, "texture": "#0"}
			}
		},
		{
			"from": [12.5, 3.5, 9],
			"to": [16.5, 4.5, 10],
			"rotation": {"angle": -22.5, "axis": "z", "origin": [12.5, 4, 9.5]},
			"faces": {
				"north": {"uv": [0, 0, 1, 4], "rotation": 270, "texture": "#0"},
				"south": {"uv": [0, 0, 1, 4], "rotation": 90, "texture": "#0"},
				"up": {"uv": [0, 0, 1, 4], "rotation": 90, "texture": "#0"},
				"down": {"uv": [0, 0, 1, 4], "rotation": 90, "texture": "#0"}
			}
		},
		{
			"from": [16.5, 3.25, 8.9],
			"to": [17.5, 4.75, 10.1],
			"rotation": {"angle": -22.5, "axis": "z", "origin": [12.5, 4, 9.5]},
			"faces": {
				"north": {"uv": [0, 0, 3, 1.5], "rotation": 270, "texture": "#0"},
				"east": {"uv": [0, 0, 3, 1.5], "rotation": 90, "texture": "#0"},
				"south": {"uv": [0, 0, 3, 1.5], "rotation": 90, "texture": "#0"},
				"west": {"uv": [0, 0, 3, 1.5], "rotation": 90, "texture": "#0"},
				"up": {"uv": [0, 0, 3, 1.5], "rotation": 90, "texture": "#0"},
				"down": {"uv": [0, 0, 3, 1.5], "rotation": 90, "texture": "#0"}
			}
		},
		{
			"from": [13.60581, -2.57977, 9],
			"to": [14.10581, -0.57977, 10],
			"rotation": {"angle": 45, "axis": "z", "origin": [12.5, 4, 9.5]},
			"faces": {
				"north": {"uv": [0, 0, 0.5, 2], "rotation": 180, "texture": "#0"},
				"east": {"uv": [0, 0, 0.5, 2], "rotation": 180, "texture": "#0"},
				"south": {"uv": [0, 0, 0.5, 2], "rotation": 180, "texture": "#0"},
				"west": {"uv": [0, 0, 0.5, 2], "rotation": 180, "texture": "#0"},
				"down": {"uv": [0, 0, 0.5, 2], "rotation": 180, "texture": "#0"}
			}
		},
		{
			"from": [17.07977, 2.39419, 9],
			"to": [19.07977, 2.89419, 10],
			"rotation": {"angle": 0, "axis": "z", "origin": [12.5, 4, 9.5]},
			"faces": {
				"north": {"uv": [0, 0, 0.5, 2], "rotation": 270, "texture": "#0"},
				"east": {"uv": [0, 0, 0.5, 2], "rotation": 90, "texture": "#0"},
				"south": {"uv": [0, 0, 0.5, 2], "rotation": 90, "texture": "#0"},
				"up": {"uv": [0, 0, 0.5, 2], "rotation": 90, "texture": "#0"},
				"down": {"uv": [0, 0, 0.5, 2], "rotation": 90, "texture": "#0"}
			}
		},
		{
			"from": [17.25, 3.75, 9],
			"to": [19.25, 4.25, 10],
			"rotation": {"angle": -22.5, "axis": "z", "origin": [12.5, 4, 9.5]},
			"faces": {
				"north": {"uv": [0, 0, 0.5, 2], "rotation": 270, "texture": "#0"},
				"east": {"uv": [0, 0, 0.5, 2], "rotation": 90, "texture": "#0"},
				"south": {"uv": [0, 0, 0.5, 2], "rotation": 90, "texture": "#0"},
				"up": {"uv": [0, 0, 0.5, 2], "rotation": 90, "texture": "#0"},
				"down": {"uv": [0, 0, 0.5, 2], "rotation": 90, "texture": "#0"}
			}
		},
		{
			"from": [8.5, 9.5, 9],
			"to": [12.5, 10.5, 10],
			"rotation": {"angle": 45, "axis": "z", "origin": [8.5, 10, 9.5]},
			"faces": {
				"north": {"uv": [0, 0, 1, 4], "rotation": 270, "texture": "#0"},
				"south": {"uv": [0, 0, 1, 4], "rotation": 90, "texture": "#0"},
				"up": {"uv": [0, 0, 1, 4], "rotation": 90, "texture": "#0"},
				"down": {"uv": [0, 0, 1, 4], "rotation": 90, "texture": "#0"}
			}
		},
		{
			"from": [12.5, 9.25, 8.9],
			"to": [13.5, 10.75, 10.1],
			"rotation": {"angle": 45, "axis": "z", "origin": [8.5, 10, 9.5]},
			"faces": {
				"north": {"uv": [0, 0, 3, 1.5], "rotation": 270, "texture": "#0"},
				"east": {"uv": [0, 0, 3, 1.5], "rotation": 90, "texture": "#0"},
				"south": {"uv": [0, 0, 3, 1.5], "rotation": 90, "texture": "#0"},
				"west": {"uv": [0, 0, 3, 1.5], "rotation": 90, "texture": "#0"},
				"up": {"uv": [0, 0, 3, 1.5], "rotation": 90, "texture": "#0"},
				"down": {"uv": [0, 0, 3, 1.5], "rotation": 90, "texture": "#0"}
			}
		},
		{
			"from": [13.07977, 11.10581, 9],
			"to": [15.07977, 11.60581, 10],
			"rotation": {"angle": 22.5, "axis": "z", "origin": [8.5, 10, 9.5]},
			"faces": {
				"north": {"uv": [0, 0, 0.5, 2], "rotation": 270, "texture": "#0"},
				"east": {"uv": [0, 0, 0.5, 2], "rotation": 90, "texture": "#0"},
				"south": {"uv": [0, 0, 0.5, 2], "rotation": 90, "texture": "#0"},
				"up": {"uv": [0, 0, 0.5, 2], "rotation": 90, "texture": "#0"},
				"down": {"uv": [0, 0, 0.5, 2], "rotation": 90, "texture": "#0"}
			}
		},
		{
			"from": [9.60581, 14.57977, 9],
			"to": [10.10581, 16.57977, 10],
			"rotation": {"angle": -22.5, "axis": "z", "origin": [8.5, 10, 9.5]},
			"faces": {
				"north": {"uv": [0, 0, 0.5, 2], "texture": "#0"},
				"east": {"uv": [0, 0, 0.5, 2], "texture": "#0"},
				"south": {"uv": [0, 0, 0.5, 2], "texture": "#0"},
				"west": {"uv": [0, 0, 0.5, 2], "texture": "#0"},
				"up": {"uv": [0, 0, 0.5, 2], "texture": "#0"}
			}
		},
		{
			"from": [13.25, 9.75, 9],
			"to": [15.25, 10.25, 10],
			"rotation": {"angle": 45, "axis": "z", "origin": [8.5, 10, 9.5]},
			"faces": {
				"north": {"uv": [0, 0, 0.5, 2], "rotation": 270, "texture": "#0"},
				"east": {"uv": [0, 0, 0.5, 2], "rotation": 90, "texture": "#0"},
				"south": {"uv": [0, 0, 0.5, 2], "rotation": 90, "texture": "#0"},
				"up": {"uv": [0, 0, 0.5, 2], "rotation": 90, "texture": "#0"},
				"down": {"uv": [0, 0, 0.5, 2], "rotation": 90, "texture": "#0"}
			}
		},
		{
			"from": [4, 8, 4],
			"to": [5, 12, 5],
			"rotation": {"angle": 0, "axis": "z", "origin": [4.5, 8, 4.5]},
			"faces": {
				"north": {"uv": [0, 0, 1, 4], "texture": "#0"},
				"east": {"uv": [0, 0, 1, 4], "texture": "#0"},
				"south": {"uv": [0, 0, 1, 4], "texture": "#0"},
				"west": {"uv": [0, 0, 1, 4], "texture": "#0"}
			}
		},
		{
			"from": [3.75, 12, 3.9],
			"to": [5.25, 13, 5.1],
			"rotation": {"angle": 0, "axis": "z", "origin": [4.5, 8, 4.5]},
			"faces": {
				"north": {"uv": [0, 0, 3, 1.5], "texture": "#0"},
				"east": {"uv": [0, 0, 3, 1.5], "texture": "#0"},
				"south": {"uv": [0, 0, 3, 1.5], "texture": "#0"},
				"west": {"uv": [0, 0, 3, 1.5], "texture": "#0"},
				"up": {"uv": [0, 0, 3, 1.5], "texture": "#0"},
				"down": {"uv": [0, 0, 3, 1.5], "texture": "#0"}
			}
		},
		{
			"from": [2.89419, 12.57977, 4],
			"to": [3.39419, 14.57977, 5],
			"rotation": {"angle": -22.5, "axis": "z", "origin": [4.5, 8, 4.5]},
			"faces": {
				"north": {"uv": [0, 0, 0.5, 2], "texture": "#0"},
				"east": {"uv": [0, 0, 0.5, 2], "texture": "#0"},
				"south": {"uv": [0, 0, 0.5, 2], "texture": "#0"},
				"west": {"uv": [0, 0, 0.5, 2], "texture": "#0"},
				"up": {"uv": [0, 0, 0.5, 2], "texture": "#0"}
			}
		},
		{
			"from": [5.60581, 12.57977, 4],
			"to": [6.10581, 14.57977, 5],
			"rotation": {"angle": 22.5, "axis": "z", "origin": [4.5, 8, 4.5]},
			"faces": {
				"north": {"uv": [0, 0, 0.5, 2], "texture": "#0"},
				"east": {"uv": [0, 0, 0.5, 2], "texture": "#0"},
				"south": {"uv": [0, 0, 0.5, 2], "texture": "#0"},
				"west": {"uv": [0, 0, 0.5, 2], "texture": "#0"},
				"up": {"uv": [0, 0, 0.5, 2], "texture": "#0"}
			}
		},
		{
			"from": [4.25, 12.75, 4],
			"to": [4.75, 14.75, 5],
			"rotation": {"angle": 0, "axis": "z", "origin": [4.5, 8, 4.5]},
			"faces": {
				"north": {"uv": [0, 0, 0.5, 2], "texture": "#0"},
				"east": {"uv": [0, 0, 0.5, 2], "texture": "#0"},
				"south": {"uv": [0, 0, 0.5, 2], "texture": "#0"},
				"west": {"uv": [0, 0, 0.5, 2], "texture": "#0"},
				"up": {"uv": [0, 0, 0.5, 2], "texture": "#0"}
			}
		},
		{
			"from": [2, 7, 12],
			"to": [3, 11, 13],
			"rotation": {"angle": 45, "axis": "z", "origin": [2.5, 7, 12.5]},
			"faces": {
				"north": {"uv": [0, 0, 1, 4], "texture": "#0"},
				"east": {"uv": [0, 0, 1, 4], "texture": "#0"},
				"south": {"uv": [0, 0, 1, 4], "texture": "#0"},
				"west": {"uv": [0, 0, 1, 4], "texture": "#0"}
			}
		},
		{
			"from": [1.75, 11, 11.9],
			"to": [3.25, 12, 13.1],
			"rotation": {"angle": 45, "axis": "z", "origin": [2.5, 7, 12.5]},
			"faces": {
				"north": {"uv": [0, 0, 3, 1.5], "texture": "#0"},
				"east": {"uv": [0, 0, 3, 1.5], "texture": "#0"},
				"south": {"uv": [0, 0, 3, 1.5], "texture": "#0"},
				"west": {"uv": [0, 0, 3, 1.5], "texture": "#0"},
				"up": {"uv": [0, 0, 3, 1.5], "texture": "#0"},
				"down": {"uv": [0, 0, 3, 1.5], "texture": "#0"}
			}
		},
		{
			"from": [0.89419, 11.57977, 12],
			"to": [1.39419, 13.57977, 13],
			"rotation": {"angle": 22.5, "axis": "z", "origin": [2.5, 7, 12.5]},
			"faces": {
				"north": {"uv": [0, 0, 0.5, 2], "texture": "#0"},
				"east": {"uv": [0, 0, 0.5, 2], "texture": "#0"},
				"south": {"uv": [0, 0, 0.5, 2], "texture": "#0"},
				"west": {"uv": [0, 0, 0.5, 2], "texture": "#0"},
				"up": {"uv": [0, 0, 0.5, 2], "texture": "#0"}
			}
		},
		{
			"from": [-4.07977, 8.10581, 12],
			"to": [-2.07977, 8.60581, 13],
			"rotation": {"angle": -22.5, "axis": "z", "origin": [2.5, 7, 12.5]},
			"faces": {
				"north": {"uv": [0, 0, 0.5, 2], "rotation": 90, "texture": "#0"},
				"south": {"uv": [0, 0, 0.5, 2], "rotation": 270, "texture": "#0"},
				"west": {"uv": [0, 0, 0.5, 2], "rotation": 270, "texture": "#0"},
				"up": {"uv": [0, 0, 0.5, 2], "rotation": 270, "texture": "#0"},
				"down": {"uv": [0, 0, 0.5, 2], "rotation": 270, "texture": "#0"}
			}
		},
		{
			"from": [2.25, 11.75, 12],
			"to": [2.75, 13.75, 13],
			"rotation": {"angle": 45, "axis": "z", "origin": [2.5, 7, 12.5]},
			"faces": {
				"north": {"uv": [0, 0, 0.5, 2], "texture": "#0"},
				"east": {"uv": [0, 0, 0.5, 2], "texture": "#0"},
				"south": {"uv": [0, 0, 0.5, 2], "texture": "#0"},
				"west": {"uv": [0, 0, 0.5, 2], "texture": "#0"},
				"up": {"uv": [0, 0, 0.5, 2], "texture": "#0"}
			}
		},
		{
			"from": [15.5, 9.5, 12],
			"to": [19.5, 10.5, 13],
			"rotation": {"angle": 22.5, "axis": "z", "origin": [19.5, 10, 12.5]},
			"faces": {
				"north": {"uv": [0, 0, 1, 4], "rotation": 90, "texture": "#0"},
				"east": {"uv": [0, 0, 0, 0], "rotation": 270, "texture": "#0"},
				"south": {"uv": [0, 0, 1, 4], "rotation": 270, "texture": "#0"},
				"up": {"uv": [0, 0, 1, 4], "rotation": 270, "texture": "#0"},
				"down": {"uv": [0, 0, 1, 4], "rotation": 270, "texture": "#0"}
			}
		},
		{
			"from": [14.5, 9.25, 11.9],
			"to": [15.5, 10.75, 13.1],
			"rotation": {"angle": 22.5, "axis": "z", "origin": [19.5, 10, 12.5]},
			"faces": {
				"north": {"uv": [0, 0, 3, 1.5], "rotation": 90, "texture": "#0"},
				"east": {"uv": [0, 0, 3, 1.5], "rotation": 270, "texture": "#0"},
				"south": {"uv": [0, 0, 3, 1.5], "rotation": 270, "texture": "#0"},
				"west": {"uv": [0, 0, 3, 1.5], "rotation": 270, "texture": "#0"},
				"up": {"uv": [0, 0, 3, 1.5], "rotation": 270, "texture": "#0"},
				"down": {"uv": [0, 0, 3, 1.5], "rotation": 270, "texture": "#0"}
			}
		},
		{
			"from": [12.92023, 8.39419, 12],
			"to": [14.92023, 8.89419, 13],
			"rotation": {"angle": 0, "axis": "z", "origin": [19.5, 10, 12.5]},
			"faces": {
				"north": {"uv": [0, 0, 0.5, 2], "rotation": 90, "texture": "#0"},
				"south": {"uv": [0, 0, 0.5, 2], "rotation": 270, "texture": "#0"},
				"west": {"uv": [0, 0, 0.5, 2], "rotation": 270, "texture": "#0"},
				"up": {"uv": [0, 0, 0.5, 2], "rotation": 270, "texture": "#0"},
				"down": {"uv": [0, 0, 0.5, 2], "rotation": 270, "texture": "#0"}
			}
		},
		{
			"from": [12.92023, 11.10581, 12],
			"to": [14.92023, 11.60581, 13],
			"rotation": {"angle": 45, "axis": "z", "origin": [19.5, 10, 12.5]},
			"faces": {
				"north": {"uv": [0, 0, 0.5, 2], "rotation": 90, "texture": "#0"},
				"south": {"uv": [0, 0, 0.5, 2], "rotation": 270, "texture": "#0"},
				"west": {"uv": [0, 0, 0.5, 2], "rotation": 270, "texture": "#0"},
				"up": {"uv": [0, 0, 0.5, 2], "rotation": 270, "texture": "#0"},
				"down": {"uv": [0, 0, 0.5, 2], "rotation": 270, "texture": "#0"}
			}
		},
		{
			"from": [12.75, 9.75, 12],
			"to": [14.75, 10.25, 13],
			"rotation": {"angle": 22.5, "axis": "z", "origin": [19.5, 10, 12.5]},
			"faces": {
				"north": {"uv": [0, 0, 0.5, 2], "rotation": 90, "texture": "#0"},
				"south": {"uv": [0, 0, 0.5, 2], "rotation": 270, "texture": "#0"},
				"west": {"uv": [0, 0, 0.5, 2], "rotation": 270, "texture": "#0"},
				"up": {"uv": [0, 0, 0.5, 2], "rotation": 270, "texture": "#0"},
				"down": {"uv": [0, 0, 0.5, 2], "rotation": 270, "texture": "#0"}
			}
		}
	],
	"display": {
		"head": {
			"translation": [0, -5.5, 17.5],
			"scale": [4, 4, 4]
		}
	},
	"groups": [
		0,
		{
			"name": "group",
			"origin": [3, 8, 1],
			"color": 0,
			"children": [1, 2, 3, 4]
		},
		{
			"name": "group",
			"origin": [3, 8, 1],
			"color": 0,
			"children": [5, 6, 7, 8]
		},
		{
			"name": "group",
			"origin": [8, 8, 8],
			"color": 0,
			"children": [9, 10, 11, 12, 13]
		},
		{
			"name": "group",
			"origin": [8, 8, 8],
			"color": 0,
			"children": [14, 15, 16, 17, 18]
		},
		{
			"name": "group",
			"origin": [8, 8, 8],
			"color": 0,
			"children": [19, 20, 21, 22, 23]
		},
		{
			"name": "group",
			"origin": [8, 8, 8],
			"color": 0,
			"children": [24, 25, 26, 27, 28]
		},
		{
			"name": "group",
			"origin": [8, 8, 8],
			"color": 0,
			"children": [29, 30, 31, 32, 33]
		},
		{
			"name": "group",
			"origin": [8, 8, 8],
			"color": 0,
			"children": [34, 35, 36, 37, 38]
		}
	]
}