{
  "parent": "minecraft:block/oak_planks",

  "overrides": [
    {"predicate": {"custom_model_data":1}, "model": "minecraft:item/rpg/object/oak/water_wheel_1"},
    {"predicate": {"custom_model_data":2}, "model": "minecraft:item/rpg/object/oak/water_wheel_2"},
    {"predicate": {"custom_model_data":3}, "model": "minecraft:item/rpg/object/oak/table"},
    {"predicate": {"custom_model_data":4}, "model": "minecraft:item/rpg/object/oak/chair"},
    {"predicate": {"custom_model_data":5}, "model": "minecraft:item/rpg/object/oak/wall_rack_left"},
    {"predicate": {"custom_model_data":6}, "model": "minecraft:item/rpg/object/oak/wall_rack_middle"},
    {"predicate": {"custom_model_data":7}, "model": "minecraft:item/rpg/object/oak/wall_rack_right"},
    {"predicate": {"custom_model_data":8}, "model": "minecraft:item/rpg/object/oak/shelf"}
  ]
}