{
	"credit": "Made with Blockbench",
	"textures": {
		"1": "block/azalea_leaves",
		"2": "block/azalea_top"
	},
	"elements": [
		{
			"from": [8, 0, 0],
			"to": [16, 8, 8],
			"faces": {
				"north": {"uv": [0, 0, 16, 16], "texture": "#1"},
				"east": {"uv": [0, 0, 16, 16], "texture": "#1"}
			}
		},
		{
			"from": [8, 0, 8],
			"to": [16, 8, 16],
			"rotation": {"angle": 0, "axis": "y", "origin": [12, 0, 12]},
			"faces": {
				"east": {"uv": [0, 0, 16, 16], "texture": "#1"},
				"south": {"uv": [0, 0, 16, 16], "texture": "#1"}
			}
		},
		{
			"from": [0, 0, 8],
			"to": [8, 8, 16],
			"rotation": {"angle": 0, "axis": "y", "origin": [12, 0, 12]},
			"faces": {
				"south": {"uv": [0, 0, 16, 16], "texture": "#1"},
				"west": {"uv": [0, 0, 16, 16], "texture": "#1"}
			}
		},
		{
			"from": [0, 0, 0],
			"to": [8, 8, 8],
			"rotation": {"angle": 0, "axis": "y", "origin": [12, 0, 12]},
			"faces": {
				"north": {"uv": [0, 0, 16, 16], "texture": "#1"},
				"west": {"uv": [0, 0, 16, 16], "texture": "#1"}
			}
		},
		{
			"from": [0, 8, 8],
			"to": [8, 16, 16],
			"rotation": {"angle": 0, "axis": "y", "origin": [12, 0, 12]},
			"faces": {
				"south": {"uv": [0, 0, 16, 16], "texture": "#1"},
				"west": {"uv": [0, 0, 16, 16], "texture": "#1"},
				"up": {"uv": [0, 0, 16, 16], "rotation": 180, "texture": "#1"}
			}
		},
		{
			"from": [8, 8, 8],
			"to": [16, 16, 16],
			"rotation": {"angle": 0, "axis": "y", "origin": [12, 0, 12]},
			"faces": {
				"east": {"uv": [0, 0, 16, 16], "texture": "#1"},
				"south": {"uv": [0, 0, 16, 16], "texture": "#1"},
				"up": {"uv": [0, 0, 16, 16], "rotation": 90, "texture": "#1"}
			}
		},
		{
			"from": [8, 8, 0],
			"to": [16, 16, 8],
			"faces": {
				"north": {"uv": [0, 0, 16, 16], "texture": "#1"},
				"east": {"uv": [0, 0, 16, 16], "texture": "#1"},
				"up": {"uv": [0, 0, 16, 16], "texture": "#1"}
			}
		},
		{
			"from": [0, 8, 0],
			"to": [8, 16, 8],
			"rotation": {"angle": 0, "axis": "y", "origin": [12, 0, 12]},
			"faces": {
				"north": {"uv": [0, 0, 16, 16], "texture": "#1"},
				"west": {"uv": [0, 0, 16, 16], "texture": "#1"},
				"up": {"uv": [0, 0, 16, 16], "rotation": 270, "texture": "#1"}
			}
		},
		{
			"from": [0.25, 0, 0.25],
			"to": [15.75, 15.75, 15.75],
			"faces": {
				"north": {"uv": [0, 0, 16, 16], "texture": "#2"},
				"east": {"uv": [0, 0, 16, 16], "texture": "#2"},
				"south": {"uv": [0, 0, 16, 16], "texture": "#2"},
				"west": {"uv": [0, 0, 16, 16], "texture": "#2"},
				"up": {"uv": [0, 0, 16, 16], "texture": "#2"}
			}
		}
	],
	"display": {
		"thirdperson_righthand": {
			"scale": [0.5, 0.5, 0.5]
		},
		"thirdperson_lefthand": {
			"scale": [0.5, 0.5, 0.5]
		},
		"fixed": {
			"rotation": [-90, 0, 0],
			"translation": [16, 16, -32],
			"scale": [4, 4, 4]
		}
	}
}