{
	"credit": "Made with Blockbench",
	"textures": {
		"0": "block/vb_copy",
		"particle": "block/vb"
	},
	"elements": [
		{
			"from": [-0.5, -0.5, -0.5],
			"to": [0.5, 16.5, 0.5],
			"faces": {
				"north": {"uv": [4, 0.88889, 8, 16], "texture": "#0"},
				"east": {"uv": [0, 0.88889, 4, 16], "texture": "#0"},
				"south": {"uv": [12, 0.88889, 16, 16], "texture": "#0"},
				"west": {"uv": [8, 0.88889, 12, 16], "texture": "#0"},
				"up": {"uv": [8, 0.88889, 4, 0], "texture": "#0"},
				"down": {"uv": [12, 0, 8, 0.88889], "texture": "#0"}
			}
		},
		{
			"from": [15.5, -0.5, -0.5],
			"to": [16.5, 16.5, 0.5],
			"faces": {
				"north": {"uv": [4, 0.88889, 8, 16], "texture": "#0"},
				"east": {"uv": [0, 0.88889, 4, 16], "texture": "#0"},
				"south": {"uv": [12, 0.88889, 16, 16], "texture": "#0"},
				"west": {"uv": [8, 0.88889, 12, 16], "texture": "#0"},
				"up": {"uv": [8, 0.88889, 4, 0], "texture": "#0"},
				"down": {"uv": [12, 0, 8, 0.88889], "texture": "#0"}
			}
		},
		{
			"from": [15.5, -0.5, 15.5],
			"to": [16.5, 16.5, 16.5],
			"faces": {
				"north": {"uv": [4, 0.88889, 8, 16], "texture": "#0"},
				"east": {"uv": [0, 0.88889, 4, 16], "texture": "#0"},
				"south": {"uv": [12, 0.88889, 16, 16], "texture": "#0"},
				"west": {"uv": [8, 0.88889, 12, 16], "texture": "#0"},
				"up": {"uv": [8, 0.88889, 4, 0], "texture": "#0"},
				"down": {"uv": [12, 0, 8, 0.88889], "texture": "#0"}
			}
		},
		{
			"from": [-0.5, -0.5, 15.5],
			"to": [0.5, 16.5, 16.5],
			"faces": {
				"north": {"uv": [4, 0.88889, 8, 16], "texture": "#0"},
				"east": {"uv": [0, 0.88889, 4, 16], "texture": "#0"},
				"south": {"uv": [12, 0.88889, 16, 16], "texture": "#0"},
				"west": {"uv": [8, 0.88889, 12, 16], "texture": "#0"},
				"up": {"uv": [8, 0.88889, 4, 0], "texture": "#0"},
				"down": {"uv": [12, 0, 8, 0.88889], "texture": "#0"}
			}
		},
		{
			"from": [15.5, -0.5, -0.5],
			"to": [16.5, 0.5, 16.5],
			"faces": {
				"north": {"uv": [4, 0.88889, 8, 16], "texture": "#0"},
				"east": {"uv": [0, 0.88889, 4, 16], "texture": "#0"},
				"south": {"uv": [12, 0.88889, 16, 16], "texture": "#0"},
				"west": {"uv": [8, 0.88889, 12, 16], "texture": "#0"},
				"up": {"uv": [8, 0.88889, 4, 0], "texture": "#0"},
				"down": {"uv": [12, 0, 8, 0.88889], "texture": "#0"}
			}
		},
		{
			"from": [-0.5, -0.5, -0.5],
			"to": [16.5, 0.5, 0.5],
			"faces": {
				"north": {"uv": [4, 0.88889, 8, 16], "texture": "#0"},
				"east": {"uv": [0, 0.88889, 4, 16], "texture": "#0"},
				"south": {"uv": [12, 0.88889, 16, 16], "texture": "#0"},
				"west": {"uv": [8, 0.88889, 12, 16], "texture": "#0"},
				"up": {"uv": [8, 0.88889, 4, 0], "texture": "#0"},
				"down": {"uv": [12, 0, 8, 0.88889], "texture": "#0"}
			}
		},
		{
			"from": [-0.5, -0.5, 15.5],
			"to": [16.5, 0.5, 16.5],
			"faces": {
				"north": {"uv": [4, 0.88889, 8, 16], "texture": "#0"},
				"east": {"uv": [0, 0.88889, 4, 16], "texture": "#0"},
				"south": {"uv": [12, 0.88889, 16, 16], "texture": "#0"},
				"west": {"uv": [8, 0.88889, 12, 16], "texture": "#0"},
				"up": {"uv": [8, 0.88889, 4, 0], "texture": "#0"},
				"down": {"uv": [12, 0, 8, 0.88889], "texture": "#0"}
			}
		},
		{
			"from": [-0.5, -0.5, -0.5],
			"to": [0.5, 0.5, 16.5],
			"faces": {
				"north": {"uv": [1, 1, 2, 18], "texture": "#0"},
				"east": {"uv": [0, 1, 1, 18], "texture": "#0"},
				"south": {"uv": [3, 1, 4, 18], "texture": "#0"},
				"west": {"uv": [2, 1, 3, 18], "texture": "#0"},
				"up": {"uv": [2, 1, 1, 0], "texture": "#0"},
				"down": {"uv": [3, 0, 2, 1], "texture": "#0"}
			}
		},
		{
			"from": [15.5, 15.5, -0.5],
			"to": [16.5, 16.5, 16.5],
			"faces": {
				"north": {"uv": [4, 0.88889, 8, 16], "texture": "#0"},
				"east": {"uv": [0, 0.88889, 4, 16], "texture": "#0"},
				"south": {"uv": [12, 0.88889, 16, 16], "texture": "#0"},
				"west": {"uv": [8, 0.88889, 12, 16], "texture": "#0"},
				"up": {"uv": [8, 0.88889, 4, 0], "texture": "#0"},
				"down": {"uv": [12, 0, 8, 0.88889], "texture": "#0"}
			}
		},
		{
			"from": [-0.5, 15.5, -0.5],
			"to": [16.5, 16.5, 0.5],
			"faces": {
				"north": {"uv": [4, 0.88889, 8, 16], "texture": "#0"},
				"east": {"uv": [0, 0.88889, 4, 16], "texture": "#0"},
				"south": {"uv": [12, 0.88889, 16, 16], "texture": "#0"},
				"west": {"uv": [8, 0.88889, 12, 16], "texture": "#0"},
				"up": {"uv": [8, 0.88889, 4, 0], "texture": "#0"},
				"down": {"uv": [12, 0, 8, 0.88889], "texture": "#0"}
			}
		},
		{
			"from": [-0.5, 15.5, 15.5],
			"to": [16.5, 16.5, 16.5],
			"faces": {
				"north": {"uv": [4, 0.88889, 8, 16], "texture": "#0"},
				"east": {"uv": [0, 0.88889, 4, 16], "texture": "#0"},
				"south": {"uv": [12, 0.88889, 16, 16], "texture": "#0"},
				"west": {"uv": [8, 0.88889, 12, 16], "texture": "#0"},
				"up": {"uv": [8, 0.88889, 4, 0], "texture": "#0"},
				"down": {"uv": [12, 0, 8, 0.88889], "texture": "#0"}
			}
		},
		{
			"from": [-0.5, 15.5, -0.5],
			"to": [0.5, 16.5, 16.5],
			"faces": {
				"north": {"uv": [4, 0.88889, 8, 16], "texture": "#0"},
				"east": {"uv": [0, 0.88889, 4, 16], "texture": "#0"},
				"south": {"uv": [12, 0.88889, 16, 16], "texture": "#0"},
				"west": {"uv": [8, 0.88889, 12, 16], "texture": "#0"},
				"up": {"uv": [8, 0.88889, 4, 0], "texture": "#0"},
				"down": {"uv": [12, 0, 8, 0.88889], "texture": "#0"}
			}
		}
	],
	"display": {
		"thirdperson_righthand": {
			"scale": [0.5, 0.5, 0.5]
		},
		"thirdperson_lefthand": {
			"scale": [0.5, 0.5, 0.5]
		},
		"firstperson_righthand": {
			"scale": [0.5, 0.5, 0.5]
		},
		"firstperson_lefthand": {
			"scale": [0.5, 0.5, 0.5]
		},
		"ground": {
			"scale": [0.5, 0.5, 0.5]
		},
		"fixed": {
			"translation": [0, 0, -16],
			"scale": [2, 2, 2]
		}
	},
	"groups": [
		{
			"name": "group",
			"origin": [0, 0, 0],
			"color": 0,
			"children": [0, 1, 2, 3]
		},
		{
			"name": "group",
			"origin": [8, 8, 8],
			"color": 0,
			"children": [4, 5, 6, 7]
		},
		{
			"name": "group",
			"origin": [8, 8, 8],
			"color": 0,
			"children": [8, 9, 10, 11]
		}
	]
}