{
	"credit": "Made with Blockbench",
	"ambientocclusion": false,
	"textures": {
		"0": "block/oak_planks",
		"1": "block/oak_log",
		"2": "block/oak_log_top",
		"particle": "block/oak_planks"
	},
	"elements": [
		{
			"from": [6.5, 6.5, 5],
			"to": [9.5, 9.5, 16],
			"rotation": {"angle": 0, "axis": "z", "origin": [8, 8, 16]},
			"faces": {
				"north": {"uv": [0, 0, 16, 16], "texture": "#2"},
				"east": {"uv": [0, 0, 11, 2], "texture": "#1"},
				"south": {"uv": [24, 11, 26, 13], "texture": "#2"},
				"west": {"uv": [0, 2, 11, 4], "texture": "#1"},
				"up": {"uv": [2, 15, 0, 4], "texture": "#1"},
				"down": {"uv": [4, 4, 2, 15], "texture": "#1"}
			}
		},
		{
			"from": [7.5, -4, 6],
			"to": [8.5, 6.5, 10],
			"rotation": {"angle": 0, "axis": "z", "origin": [8, 6.5, 8]},
			"faces": {
				"north": {"uv": [4, 4, 5, 15], "texture": "#0"},
				"east": {"uv": [0, 4, 4, 15], "texture": "#0"},
				"south": {"uv": [9, 4, 10, 15], "texture": "#0"},
				"west": {"uv": [5, 4, 9, 15], "texture": "#0"},
				"up": {"uv": [5, 4, 4, 0], "texture": "#missing"},
				"down": {"uv": [6, 0, 5, 4], "texture": "#0"}
			}
		},
		{
			"from": [6.5, -4, 6],
			"to": [7.5, -1, 6.5],
			"rotation": {"angle": 0, "axis": "z", "origin": [8, 6, 8]},
			"faces": {
				"north": {"uv": [0, 0, 1, 3], "texture": "#0"},
				"east": {"uv": [0, 0, 0.5, 3], "texture": "#missing"},
				"south": {"uv": [0, 0, 1, 3], "texture": "#0"},
				"west": {"uv": [0, 0, 0.5, 3], "texture": "#0"},
				"up": {"uv": [0, 0, 1, 0.5], "texture": "#0"},
				"down": {"uv": [0, 0, 1, 0.5], "texture": "#0"}
			}
		},
		{
			"from": [6.5, -4, 9.5],
			"to": [7.5, -1, 10],
			"rotation": {"angle": 0, "axis": "z", "origin": [8, 6, 8]},
			"faces": {
				"north": {"uv": [0, 0, 1, 3], "texture": "#0"},
				"east": {"uv": [0, 0, 0.5, 3], "texture": "#missing"},
				"south": {"uv": [0, 0, 1, 3], "texture": "#0"},
				"west": {"uv": [0, 0, 0.5, 3], "texture": "#0"},
				"up": {"uv": [0, 0, 1, 0.5], "texture": "#0"},
				"down": {"uv": [0, 0, 1, 0.5], "texture": "#0"}
			}
		},
		{
			"from": [5.5, -4, 6.5],
			"to": [7.5, -3.5, 9.5],
			"rotation": {"angle": 0, "axis": "z", "origin": [8, 6, 8]},
			"faces": {
				"north": {"uv": [2, 3, 4, 3.5], "texture": "#0"},
				"east": {"uv": [0, 0, 3, 0.5], "texture": "#missing"},
				"south": {"uv": [11, 3, 13, 3.5], "texture": "#0"},
				"west": {"uv": [8, 3, 11, 3.5], "texture": "#0"},
				"up": {"uv": [6, 3, 8, 6], "texture": "#0"},
				"down": {"uv": [4, 3, 6, 6], "texture": "#0"}
			}
		},
		{
			"from": [-3.65, 6.35, 6],
			"to": [6.85, 7.35, 10],
			"rotation": {"angle": 45, "axis": "z", "origin": [6.85, 6.85, 8]},
			"faces": {
				"north": {"uv": [4, 4, 5, 15], "rotation": 270, "texture": "#0"},
				"east": {"uv": [5, 4, 4, 0], "rotation": 90, "texture": "#missing"},
				"south": {"uv": [9, 4, 10, 15], "rotation": 90, "texture": "#0"},
				"west": {"uv": [6, 0, 5, 4], "rotation": 90, "texture": "#0"},
				"up": {"uv": [5, 4, 9, 15], "rotation": 90, "texture": "#0"},
				"down": {"uv": [0, 4, 4, 15], "rotation": 90, "texture": "#0"}
			}
		},
		{
			"from": [-3.4, 7, 6],
			"to": [-0.4, 8, 6.5],
			"rotation": {"angle": 45, "axis": "z", "origin": [6.55, 6.35, 8]},
			"faces": {
				"north": {"uv": [0, 0, 1, 3], "rotation": 270, "texture": "#0"},
				"east": {"uv": [0, 0, 1, 0.5], "rotation": 90, "texture": "#0"},
				"south": {"uv": [0, 0, 1, 3], "rotation": 90, "texture": "#0"},
				"west": {"uv": [0, 0, 1, 0.5], "rotation": 90, "texture": "#0"},
				"up": {"uv": [0, 0, 0.5, 3], "rotation": 90, "texture": "#0"},
				"down": {"uv": [0, 0, 0.5, 3], "rotation": 90, "texture": "#missing"}
			}
		},
		{
			"from": [-3.5, 7.3, 9.5],
			"to": [-0.5, 8.3, 10],
			"rotation": {"angle": 45, "axis": "z", "origin": [6.85, 6.65, 8]},
			"faces": {
				"north": {"uv": [0, 0, 1, 3], "rotation": 270, "texture": "#0"},
				"east": {"uv": [0, 0, 1, 0.5], "rotation": 90, "texture": "#0"},
				"south": {"uv": [0, 0, 1, 3], "rotation": 90, "texture": "#0"},
				"west": {"uv": [0, 0, 1, 0.5], "rotation": 90, "texture": "#0"},
				"up": {"uv": [0, 0, 0.5, 3], "rotation": 90, "texture": "#0"},
				"down": {"uv": [0, 0, 0.5, 3], "rotation": 90, "texture": "#missing"}
			}
		},
		{
			"from": [-3.5, 6.9, 6.5],
			"to": [-3, 8.9, 9.5],
			"rotation": {"angle": 45, "axis": "z", "origin": [6.45, 6.45, 8]},
			"faces": {
				"north": {"uv": [2, 3, 4, 3.5], "rotation": 270, "texture": "#0"},
				"east": {"uv": [6, 3, 8, 6], "rotation": 90, "texture": "#0"},
				"south": {"uv": [11, 3, 13, 3.5], "rotation": 90, "texture": "#0"},
				"west": {"uv": [4, 3, 6, 6], "rotation": 90, "texture": "#0"},
				"up": {"uv": [8, 3, 11, 3.5], "rotation": 90, "texture": "#0"},
				"down": {"uv": [0, 0, 3, 0.5], "rotation": 90, "texture": "#missing"}
			}
		},
		{
			"from": [-4, 7.5, 6],
			"to": [6.5, 8.5, 10],
			"rotation": {"angle": 0, "axis": "z", "origin": [6.85, 8.35, 8]},
			"faces": {
				"north": {"uv": [4, 4, 5, 15], "rotation": 270, "texture": "#0"},
				"east": {"uv": [5, 4, 4, 0], "rotation": 90, "texture": "#missing"},
				"south": {"uv": [9, 4, 10, 15], "rotation": 90, "texture": "#0"},
				"west": {"uv": [6, 0, 5, 4], "rotation": 90, "texture": "#0"},
				"up": {"uv": [5, 4, 9, 15], "rotation": 90, "texture": "#0"},
				"down": {"uv": [0, 4, 4, 15], "rotation": 90, "texture": "#0"}
			}
		},
		{
			"from": [-4, 8.5, 6],
			"to": [-1, 9.5, 6.5],
			"rotation": {"angle": 0, "axis": "z", "origin": [6.85, 8.85, 8]},
			"faces": {
				"north": {"uv": [0, 0, 1, 3], "rotation": 270, "texture": "#0"},
				"east": {"uv": [0, 0, 1, 0.5], "rotation": 90, "texture": "#0"},
				"south": {"uv": [0, 0, 1, 3], "rotation": 90, "texture": "#0"},
				"west": {"uv": [0, 0, 1, 0.5], "rotation": 90, "texture": "#0"},
				"up": {"uv": [0, 0, 0.5, 3], "rotation": 90, "texture": "#0"},
				"down": {"uv": [0, 0, 0.5, 3], "rotation": 90, "texture": "#missing"}
			}
		},
		{
			"from": [-4, 8.5, 9.5],
			"to": [-1, 9.5, 10],
			"rotation": {"angle": 0, "axis": "z", "origin": [6.85, 8.85, 8]},
			"faces": {
				"north": {"uv": [0, 0, 1, 3], "rotation": 270, "texture": "#0"},
				"east": {"uv": [0, 0, 1, 0.5], "rotation": 90, "texture": "#0"},
				"south": {"uv": [0, 0, 1, 3], "rotation": 90, "texture": "#0"},
				"west": {"uv": [0, 0, 1, 0.5], "rotation": 90, "texture": "#0"},
				"up": {"uv": [0, 0, 0.5, 3], "rotation": 90, "texture": "#0"},
				"down": {"uv": [0, 0, 0.5, 3], "rotation": 90, "texture": "#missing"}
			}
		},
		{
			"from": [-4, 8.5, 6.5],
			"to": [-3.5, 10.5, 9.5],
			"rotation": {"angle": 0, "axis": "z", "origin": [6.85, 8.85, 8]},
			"faces": {
				"north": {"uv": [2, 3, 4, 3.5], "rotation": 270, "texture": "#0"},
				"east": {"uv": [6, 3, 8, 6], "rotation": 90, "texture": "#0"},
				"south": {"uv": [11, 3, 13, 3.5], "rotation": 90, "texture": "#0"},
				"west": {"uv": [4, 3, 6, 6], "rotation": 90, "texture": "#0"},
				"up": {"uv": [8, 3, 11, 3.5], "rotation": 90, "texture": "#0"},
				"down": {"uv": [0, 0, 3, 0.5], "rotation": 90, "texture": "#missing"}
			}
		},
		{
			"from": [6.4, 9.1, 6],
			"to": [7.4, 19.6, 10],
			"rotation": {"angle": 45, "axis": "z", "origin": [6.9, 9.1, 8]},
			"faces": {
				"north": {"uv": [4, 4, 5, 15], "rotation": 180, "texture": "#0"},
				"east": {"uv": [5, 4, 9, 15], "rotation": 180, "texture": "#0"},
				"south": {"uv": [9, 4, 10, 15], "rotation": 180, "texture": "#0"},
				"west": {"uv": [0, 4, 4, 15], "rotation": 180, "texture": "#0"},
				"up": {"uv": [6, 0, 5, 4], "rotation": 180, "texture": "#0"},
				"down": {"uv": [5, 4, 4, 0], "rotation": 180, "texture": "#missing"}
			}
		},
		{
			"from": [7.4, 16.6, 6],
			"to": [8.4, 19.6, 6.5],
			"rotation": {"angle": 45, "axis": "z", "origin": [6.9, 9.1, 8]},
			"faces": {
				"north": {"uv": [0, 0, 1, 3], "rotation": 180, "texture": "#0"},
				"east": {"uv": [0, 0, 0.5, 3], "rotation": 180, "texture": "#0"},
				"south": {"uv": [0, 0, 1, 3], "rotation": 180, "texture": "#0"},
				"west": {"uv": [0, 0, 0.5, 3], "rotation": 180, "texture": "#missing"},
				"up": {"uv": [0, 0, 1, 0.5], "rotation": 180, "texture": "#0"},
				"down": {"uv": [0, 0, 1, 0.5], "rotation": 180, "texture": "#0"}
			}
		},
		{
			"from": [7.4, 16.6, 9.5],
			"to": [8.4, 19.6, 10],
			"rotation": {"angle": 45, "axis": "z", "origin": [6.9, 9.1, 8]},
			"faces": {
				"north": {"uv": [0, 0, 1, 3], "rotation": 180, "texture": "#0"},
				"east": {"uv": [0, 0, 0.5, 3], "rotation": 180, "texture": "#0"},
				"south": {"uv": [0, 0, 1, 3], "rotation": 180, "texture": "#0"},
				"west": {"uv": [0, 0, 0.5, 3], "rotation": 180, "texture": "#missing"},
				"up": {"uv": [0, 0, 1, 0.5], "rotation": 180, "texture": "#0"},
				"down": {"uv": [0, 0, 1, 0.5], "rotation": 180, "texture": "#0"}
			}
		},
		{
			"from": [7.4, 19.1, 6.5],
			"to": [9.4, 19.6, 9.5],
			"rotation": {"angle": 45, "axis": "z", "origin": [6.9, 9.1, 8]},
			"faces": {
				"north": {"uv": [2, 3, 4, 3.5], "rotation": 180, "texture": "#0"},
				"east": {"uv": [8, 3, 11, 3.5], "rotation": 180, "texture": "#0"},
				"south": {"uv": [11, 3, 13, 3.5], "rotation": 180, "texture": "#0"},
				"west": {"uv": [0, 0, 3, 0.5], "rotation": 180, "texture": "#missing"},
				"up": {"uv": [4, 3, 6, 6], "rotation": 180, "texture": "#0"},
				"down": {"uv": [6, 3, 8, 6], "rotation": 180, "texture": "#0"}
			}
		},
		{
			"from": [7.5, 9.5, 6],
			"to": [8.5, 20, 10],
			"rotation": {"angle": 0, "axis": "z", "origin": [8, 9.5, 8]},
			"faces": {
				"north": {"uv": [4, 4, 5, 15], "rotation": 180, "texture": "#0"},
				"east": {"uv": [5, 4, 9, 15], "rotation": 180, "texture": "#0"},
				"south": {"uv": [9, 4, 10, 15], "rotation": 180, "texture": "#0"},
				"west": {"uv": [0, 4, 4, 15], "rotation": 180, "texture": "#0"},
				"up": {"uv": [6, 0, 5, 4], "rotation": 180, "texture": "#0"},
				"down": {"uv": [5, 4, 4, 0], "rotation": 180, "texture": "#missing"}
			}
		},
		{
			"from": [8.5, 17, 6],
			"to": [9.5, 20, 6.5],
			"rotation": {"angle": 0, "axis": "z", "origin": [8, 10, 8]},
			"faces": {
				"north": {"uv": [0, 0, 1, 3], "rotation": 180, "texture": "#0"},
				"east": {"uv": [0, 0, 0.5, 3], "rotation": 180, "texture": "#0"},
				"south": {"uv": [0, 0, 1, 3], "rotation": 180, "texture": "#0"},
				"west": {"uv": [0, 0, 0.5, 3], "rotation": 180, "texture": "#missing"},
				"up": {"uv": [0, 0, 1, 0.5], "rotation": 180, "texture": "#0"},
				"down": {"uv": [0, 0, 1, 0.5], "rotation": 180, "texture": "#0"}
			}
		},
		{
			"from": [8.5, 17, 9.5],
			"to": [9.5, 20, 10],
			"rotation": {"angle": 0, "axis": "z", "origin": [8, 10, 8]},
			"faces": {
				"north": {"uv": [0, 0, 1, 3], "rotation": 180, "texture": "#0"},
				"east": {"uv": [0, 0, 0.5, 3], "rotation": 180, "texture": "#0"},
				"south": {"uv": [0, 0, 1, 3], "rotation": 180, "texture": "#0"},
				"west": {"uv": [0, 0, 0.5, 3], "rotation": 180, "texture": "#missing"},
				"up": {"uv": [0, 0, 1, 0.5], "rotation": 180, "texture": "#0"},
				"down": {"uv": [0, 0, 1, 0.5], "rotation": 180, "texture": "#0"}
			}
		},
		{
			"from": [8.5, 19.5, 6.5],
			"to": [10.5, 20, 9.5],
			"rotation": {"angle": 0, "axis": "z", "origin": [8, 10, 8]},
			"faces": {
				"north": {"uv": [2, 3, 4, 3.5], "rotation": 180, "texture": "#0"},
				"east": {"uv": [8, 3, 11, 3.5], "rotation": 180, "texture": "#0"},
				"south": {"uv": [11, 3, 13, 3.5], "rotation": 180, "texture": "#0"},
				"west": {"uv": [0, 0, 3, 0.5], "rotation": 180, "texture": "#missing"},
				"up": {"uv": [4, 3, 6, 6], "rotation": 180, "texture": "#0"},
				"down": {"uv": [6, 3, 8, 6], "rotation": 180, "texture": "#0"}
			}
		},
		{
			"from": [9.1, 8.6, 6],
			"to": [19.6, 9.6, 10],
			"rotation": {"angle": 45, "axis": "z", "origin": [9.1, 9.1, 8]},
			"faces": {
				"north": {"uv": [4, 4, 5, 15], "rotation": 90, "texture": "#0"},
				"east": {"uv": [6, 0, 5, 4], "rotation": 270, "texture": "#0"},
				"south": {"uv": [9, 4, 10, 15], "rotation": 270, "texture": "#0"},
				"west": {"uv": [5, 4, 4, 0], "rotation": 270, "texture": "#missing"},
				"up": {"uv": [0, 4, 4, 15], "rotation": 270, "texture": "#0"},
				"down": {"uv": [5, 4, 9, 15], "rotation": 270, "texture": "#0"}
			}
		},
		{
			"from": [16.475, 7.9, 6],
			"to": [19.475, 8.9, 6.5],
			"rotation": {"angle": 45, "axis": "z", "origin": [9.4, 9.4, 8]},
			"faces": {
				"north": {"uv": [0, 0, 1, 3], "rotation": 90, "texture": "#0"},
				"east": {"uv": [0, 0, 1, 0.5], "rotation": 270, "texture": "#0"},
				"south": {"uv": [0, 0, 1, 3], "rotation": 270, "texture": "#0"},
				"west": {"uv": [0, 0, 1, 0.5], "rotation": 270, "texture": "#0"},
				"up": {"uv": [0, 0, 0.5, 3], "rotation": 270, "texture": "#missing"},
				"down": {"uv": [0, 0, 0.5, 3], "rotation": 270, "texture": "#0"}
			}
		},
		{
			"from": [16.475, 7.9, 9.5],
			"to": [19.475, 8.9, 10],
			"rotation": {"angle": 45, "axis": "z", "origin": [9.4, 9.4, 8]},
			"faces": {
				"north": {"uv": [0, 0, 1, 3], "rotation": 90, "texture": "#0"},
				"east": {"uv": [0, 0, 1, 0.5], "rotation": 270, "texture": "#0"},
				"south": {"uv": [0, 0, 1, 3], "rotation": 270, "texture": "#0"},
				"west": {"uv": [0, 0, 1, 0.5], "rotation": 270, "texture": "#0"},
				"up": {"uv": [0, 0, 0.5, 3], "rotation": 270, "texture": "#missing"},
				"down": {"uv": [0, 0, 0.5, 3], "rotation": 270, "texture": "#0"}
			}
		},
		{
			"from": [18.975, 6.9, 6.5],
			"to": [19.475, 8.9, 9.5],
			"rotation": {"angle": 45, "axis": "z", "origin": [9.4, 9.4, 8]},
			"faces": {
				"north": {"uv": [2, 3, 4, 3.5], "rotation": 90, "texture": "#0"},
				"east": {"uv": [4, 3, 6, 6], "rotation": 270, "texture": "#0"},
				"south": {"uv": [11, 3, 13, 3.5], "rotation": 270, "texture": "#0"},
				"west": {"uv": [6, 3, 8, 6], "rotation": 270, "texture": "#0"},
				"up": {"uv": [0, 0, 3, 0.5], "rotation": 270, "texture": "#missing"},
				"down": {"uv": [8, 3, 11, 3.5], "rotation": 270, "texture": "#0"}
			}
		},
		{
			"from": [9.5, 7.5, 6],
			"to": [20, 8.5, 10],
			"rotation": {"angle": 0, "axis": "z", "origin": [9.5, 8, 8]},
			"faces": {
				"north": {"uv": [4, 4, 5, 15], "rotation": 90, "texture": "#0"},
				"east": {"uv": [6, 0, 5, 4], "rotation": 270, "texture": "#0"},
				"south": {"uv": [9, 4, 10, 15], "rotation": 270, "texture": "#0"},
				"west": {"uv": [5, 4, 4, 0], "rotation": 270, "texture": "#missing"},
				"up": {"uv": [0, 4, 4, 15], "rotation": 270, "texture": "#0"},
				"down": {"uv": [5, 4, 9, 15], "rotation": 270, "texture": "#0"}
			}
		},
		{
			"from": [17, 6.5, 6],
			"to": [20, 7.5, 6.5],
			"rotation": {"angle": 0, "axis": "z", "origin": [10, 8, 8]},
			"faces": {
				"north": {"uv": [0, 0, 1, 3], "rotation": 90, "texture": "#0"},
				"east": {"uv": [0, 0, 1, 0.5], "rotation": 270, "texture": "#0"},
				"south": {"uv": [0, 0, 1, 3], "rotation": 270, "texture": "#0"},
				"west": {"uv": [0, 0, 1, 0.5], "rotation": 270, "texture": "#0"},
				"up": {"uv": [0, 0, 0.5, 3], "rotation": 270, "texture": "#missing"},
				"down": {"uv": [0, 0, 0.5, 3], "rotation": 270, "texture": "#0"}
			}
		},
		{
			"from": [17, 6.5, 9.5],
			"to": [20, 7.5, 10],
			"rotation": {"angle": 0, "axis": "z", "origin": [10, 8, 8]},
			"faces": {
				"north": {"uv": [0, 0, 1, 3], "rotation": 90, "texture": "#0"},
				"east": {"uv": [0, 0, 1, 0.5], "rotation": 270, "texture": "#0"},
				"south": {"uv": [0, 0, 1, 3], "rotation": 270, "texture": "#0"},
				"west": {"uv": [0, 0, 1, 0.5], "rotation": 270, "texture": "#0"},
				"up": {"uv": [0, 0, 0.5, 3], "rotation": 270, "texture": "#missing"},
				"down": {"uv": [0, 0, 0.5, 3], "rotation": 270, "texture": "#0"}
			}
		},
		{
			"from": [19.5, 5.5, 6.5],
			"to": [20, 7.5, 9.5],
			"rotation": {"angle": 0, "axis": "z", "origin": [10, 8, 8]},
			"faces": {
				"north": {"uv": [2, 3, 4, 3.5], "rotation": 90, "texture": "#0"},
				"east": {"uv": [4, 3, 6, 6], "rotation": 270, "texture": "#0"},
				"south": {"uv": [11, 3, 13, 3.5], "rotation": 270, "texture": "#0"},
				"west": {"uv": [6, 3, 8, 6], "rotation": 270, "texture": "#0"},
				"up": {"uv": [0, 0, 3, 0.5], "rotation": 270, "texture": "#missing"},
				"down": {"uv": [8, 3, 11, 3.5], "rotation": 270, "texture": "#0"}
			}
		},
		{
			"from": [8.6, -3.6, 6],
			"to": [9.6, 6.9, 10],
			"rotation": {"angle": 45, "axis": "z", "origin": [9.1, 6.9, 8]},
			"faces": {
				"north": {"uv": [4, 4, 5, 15], "texture": "#0"},
				"east": {"uv": [0, 4, 4, 15], "texture": "#0"},
				"south": {"uv": [9, 4, 10, 15], "texture": "#0"},
				"west": {"uv": [5, 4, 9, 15], "texture": "#0"},
				"up": {"uv": [5, 4, 4, 0], "texture": "#missing"},
				"down": {"uv": [6, 0, 5, 4], "texture": "#0"}
			}
		},
		{
			"from": [7.93, -3.4, 6],
			"to": [8.93, -0.4, 6.5],
			"rotation": {"angle": 45, "axis": "z", "origin": [9.5, 6.6, 8]},
			"faces": {
				"north": {"uv": [0, 0, 1, 3], "texture": "#0"},
				"east": {"uv": [0, 0, 0.5, 3], "texture": "#missing"},
				"south": {"uv": [0, 0, 1, 3], "texture": "#0"},
				"west": {"uv": [0, 0, 0.5, 3], "texture": "#0"},
				"up": {"uv": [0, 0, 1, 0.5], "texture": "#0"},
				"down": {"uv": [0, 0, 1, 0.5], "texture": "#0"}
			}
		},
		{
			"from": [7.93, -3.4, 9.5],
			"to": [8.93, -0.4, 10],
			"rotation": {"angle": 45, "axis": "z", "origin": [9.5, 6.6, 11.5]},
			"faces": {
				"north": {"uv": [0, 0, 1, 3], "texture": "#0"},
				"east": {"uv": [0, 0, 0.5, 3], "texture": "#missing"},
				"south": {"uv": [0, 0, 1, 3], "texture": "#0"},
				"west": {"uv": [0, 0, 0.5, 3], "texture": "#0"},
				"up": {"uv": [0, 0, 1, 0.5], "texture": "#0"},
				"down": {"uv": [0, 0, 1, 0.5], "texture": "#0"}
			}
		},
		{
			"from": [7.1, -3.3925, 6.5],
			"to": [9.1, -2.8925, 9.5],
			"rotation": {"angle": 45, "axis": "z", "origin": [9.6, 6.4, 8]},
			"faces": {
				"north": {"uv": [2, 3, 4, 3.5], "texture": "#0"},
				"east": {"uv": [0, 0, 3, 0.5], "texture": "#missing"},
				"south": {"uv": [11, 3, 13, 3.5], "texture": "#0"},
				"west": {"uv": [8, 3, 11, 3.5], "texture": "#0"},
				"up": {"uv": [6, 3, 8, 6], "texture": "#0"},
				"down": {"uv": [4, 3, 6, 6], "texture": "#0"}
			}
		}
	],
	"display": {
		"fixed": {
			"translation": [0, 0, -32],
			"scale": [4, 4, 4]
		}
	},
	"groups": [
		{
			"name": "group",
			"origin": [8, 8, 8],
			"color": 0,
			"children": [
				{
					"name": "group",
					"origin": [0, 0, 0],
					"color": 0,
					"children": [
						0,
						{
							"name": "group",
							"origin": [8, 8, 8],
							"color": 0,
							"children": [1, 2, 3, 4]
						},
						{
							"name": "group",
							"origin": [8, 8, 8],
							"color": 0,
							"children": [5, 6, 7, 8]
						},
						{
							"name": "group",
							"origin": [8, 8, 8],
							"color": 0,
							"children": [9, 10, 11, 12]
						},
						{
							"name": "group",
							"origin": [8, 8, 8],
							"color": 0,
							"children": [13, 14, 15, 16]
						},
						{
							"name": "group",
							"origin": [8, 8, 8],
							"color": 0,
							"children": [17, 18, 19, 20]
						},
						{
							"name": "group",
							"origin": [8, 8, 8],
							"color": 0,
							"children": [21, 22, 23, 24]
						},
						{
							"name": "group",
							"origin": [8, 8, 8],
							"color": 0,
							"children": [25, 26, 27, 28]
						},
						{
							"name": "group",
							"origin": [8, 8, 8],
							"color": 0,
							"children": [29, 30, 31, 32]
						}
					]
				}
			]
		}
	]
}