{
	"credit": "Made with Blockbench",
	"textures": {
		"0": "block/red_concrete",
		"1": "block/white_concrete",
		"2": "block/lime_concrete",
		"3": "block/cyan_concrete",
		"4": "block/brown_concrete",
		"particle": "block/red_concrete"
	},
	"elements": [
		{
			"from": [7.1, 1.1, 5],
			"to": [13, 1.2, 15],
			"rotation": {"angle": 0, "axis": "y", "origin": [12, 1.1, 5]},
			"faces": {
				"north": {"uv": [1, 3, 6.9, 3.1], "texture": "#0"},
				"east": {"uv": [1, 3, 11, 3.1], "texture": "#0"},
				"south": {"uv": [1, 3, 6.9, 3.1], "texture": "#0"},
				"up": {"uv": [1, 3, 6.9, 13], "texture": "#0"},
				"down": {"uv": [1, 3, 6.9, 13], "texture": "#0"}
			}
		},
		{
			"from": [7.1, 0, 5],
			"to": [13, 0.1, 15],
			"rotation": {"angle": 0, "axis": "y", "origin": [12, 0.1, 5]},
			"faces": {
				"north": {"uv": [1, 3.1, 6.9, 3], "texture": "#0"},
				"east": {"uv": [1, 3.1, 11, 3], "texture": "#0"},
				"south": {"uv": [1, 3.1, 6.9, 3], "texture": "#0"},
				"up": {"uv": [1, 13, 6.9, 3], "texture": "#0"},
				"down": {"uv": [1, 13, 6.9, 3], "texture": "#0"}
			}
		},
		{
			"from": [7.1, 0.1, 5.25],
			"to": [12.5, 1.1, 14.75],
			"rotation": {"angle": 0, "axis": "y", "origin": [7.1, 0.1, 5]},
			"faces": {
				"north": {"uv": [1, 11, 6.4, 12], "texture": "#1"},
				"east": {"uv": [1, 11, 10.5, 12], "texture": "#1"},
				"south": {"uv": [1, 11, 6.4, 12], "texture": "#1"}
			}
		},
		{
			"from": [7, 0, 5],
			"to": [7.1, 1.2, 15],
			"rotation": {"angle": 0, "axis": "y", "origin": [6.1, 0, 5]},
			"faces": {
				"north": {"uv": [4.1, 3, 4, 4.2], "texture": "#0"},
				"east": {"uv": [14, 3, 4, 4.2], "texture": "#0"},
				"south": {"uv": [4.1, 3, 4, 4.2], "texture": "#0"},
				"west": {"uv": [14, 3, 4, 4.2], "texture": "#0"},
				"up": {"uv": [4.1, 3, 4, 13], "texture": "#0"},
				"down": {"uv": [4.1, 3, 4, 13], "texture": "#0"}
			}
		},
		{
			"from": [7.1, 2.3, 5],
			"to": [13, 2.4, 15],
			"rotation": {"angle": -22.5, "axis": "y", "origin": [10, 1.7, 10]},
			"faces": {
				"north": {"uv": [1, 3, 6.9, 3.1], "texture": "#2"},
				"east": {"uv": [1, 3, 11, 3.1], "texture": "#2"},
				"south": {"uv": [1, 3, 6.9, 3.1], "texture": "#2"},
				"up": {"uv": [1, 3, 6.9, 13], "texture": "#2"},
				"down": {"uv": [1, 3, 6.9, 13], "texture": "#2"}
			}
		},
		{
			"from": [7.1, 1.2, 5],
			"to": [13, 1.3, 15],
			"rotation": {"angle": -22.5, "axis": "y", "origin": [10, 1.7, 10]},
			"faces": {
				"north": {"uv": [1, 3.1, 6.9, 3], "texture": "#2"},
				"east": {"uv": [1, 3.1, 11, 3], "texture": "#2"},
				"south": {"uv": [1, 3.1, 6.9, 3], "texture": "#2"},
				"up": {"uv": [1, 13, 6.9, 3], "texture": "#2"},
				"down": {"uv": [1, 13, 6.9, 3], "texture": "#2"}
			}
		},
		{
			"from": [7.1, 1.3, 5.25],
			"to": [12.5, 2.3, 14.75],
			"rotation": {"angle": -22.5, "axis": "y", "origin": [10, 1.7, 10]},
			"faces": {
				"north": {"uv": [1, 11, 6.4, 12], "texture": "#1"},
				"east": {"uv": [1, 11, 10.5, 12], "texture": "#1"},
				"south": {"uv": [1, 11, 6.4, 12], "texture": "#1"}
			}
		},
		{
			"from": [7, 1.2, 5],
			"to": [7.1, 2.4, 15],
			"rotation": {"angle": -22.5, "axis": "y", "origin": [10, 1.7, 10]},
			"faces": {
				"north": {"uv": [4.1, 3, 4, 4.2], "texture": "#2"},
				"east": {"uv": [14, 3, 4, 4.2], "texture": "#2"},
				"south": {"uv": [4.1, 3, 4, 4.2], "texture": "#2"},
				"west": {"uv": [14, 3, 4, 4.2], "texture": "#2"},
				"up": {"uv": [4.1, 3, 4, 13], "texture": "#2"},
				"down": {"uv": [4.1, 3, 4, 13], "texture": "#2"}
			}
		},
		{
			"from": [7.1, 3.5, 5],
			"to": [13, 3.6, 15],
			"rotation": {"angle": 22.5, "axis": "y", "origin": [10, 2.9, 10]},
			"faces": {
				"north": {"uv": [1, 3, 6.9, 3.1], "texture": "#3"},
				"east": {"uv": [1, 3, 11, 3.1], "texture": "#3"},
				"south": {"uv": [1, 3, 6.9, 3.1], "texture": "#3"},
				"up": {"uv": [1, 3, 6.9, 13], "texture": "#3"},
				"down": {"uv": [1, 3, 6.9, 13], "texture": "#3"}
			}
		},
		{
			"from": [7.1, 2.4, 5],
			"to": [13, 2.5, 15],
			"rotation": {"angle": 22.5, "axis": "y", "origin": [10, 2.9, 10]},
			"faces": {
				"north": {"uv": [1, 3.1, 6.9, 3], "texture": "#3"},
				"east": {"uv": [1, 3.1, 11, 3], "texture": "#3"},
				"south": {"uv": [1, 3.1, 6.9, 3], "texture": "#3"},
				"up": {"uv": [1, 13, 6.9, 3], "texture": "#3"},
				"down": {"uv": [1, 13, 6.9, 3], "texture": "#3"}
			}
		},
		{
			"from": [7.1, 2.5, 5.25],
			"to": [12.5, 3.5, 14.75],
			"rotation": {"angle": 22.5, "axis": "y", "origin": [10, 2.9, 10]},
			"faces": {
				"north": {"uv": [1, 11, 6.4, 12], "texture": "#1"},
				"east": {"uv": [1, 11, 10.5, 12], "texture": "#1"},
				"south": {"uv": [1, 11, 6.4, 12], "texture": "#1"}
			}
		},
		{
			"from": [7, 2.4, 5],
			"to": [7.1, 3.6, 15],
			"rotation": {"angle": 22.5, "axis": "y", "origin": [10, 2.9, 10]},
			"faces": {
				"north": {"uv": [4.1, 3, 4, 4.2], "texture": "#3"},
				"east": {"uv": [14, 3, 4, 4.2], "texture": "#3"},
				"south": {"uv": [4.1, 3, 4, 4.2], "texture": "#3"},
				"west": {"uv": [14, 3, 4, 4.2], "texture": "#3"},
				"up": {"uv": [4.1, 3, 4, 13], "texture": "#3"},
				"down": {"uv": [4.1, 3, 4, 13], "texture": "#3"}
			}
		},
		{
			"from": [5.3, -1.1, 9.2],
			"to": [5.4, 8.9, 15.1],
			"rotation": {"angle": -45, "axis": "z", "origin": [6, 3.9, 12.2]},
			"faces": {
				"north": {"uv": [1, 3, 11, 3.1], "rotation": 90, "texture": "#4"},
				"east": {"uv": [1, 3, 6.9, 13], "texture": "#4"},
				"west": {"uv": [1, 3, 6.9, 13], "rotation": 180, "texture": "#4"},
				"up": {"uv": [1, 3, 6.9, 3.1], "rotation": 270, "texture": "#4"},
				"down": {"uv": [1, 3, 6.9, 3.1], "rotation": 270, "texture": "#4"}
			}
		},
		{
			"from": [6.4, -1.1, 9.2],
			"to": [6.5, 8.9, 15.1],
			"rotation": {"angle": -45, "axis": "z", "origin": [6, 3.9, 12.2]},
			"faces": {
				"north": {"uv": [1, 3.1, 11, 3], "rotation": 90, "texture": "#4"},
				"east": {"uv": [1, 13, 6.9, 3], "texture": "#4"},
				"west": {"uv": [1, 13, 6.9, 3], "rotation": 180, "texture": "#4"},
				"up": {"uv": [1, 3.1, 6.9, 3], "rotation": 270, "texture": "#4"},
				"down": {"uv": [1, 3.1, 6.9, 3], "rotation": 270, "texture": "#4"}
			}
		},
		{
			"from": [5.4, -0.85, 9.7],
			"to": [6.4, 8.65, 15.1],
			"rotation": {"angle": -45, "axis": "z", "origin": [6, 3.9, 12.2]},
			"faces": {
				"north": {"uv": [1, 11, 10.5, 12], "rotation": 90, "texture": "#1"},
				"up": {"uv": [1, 11, 6.4, 12], "rotation": 270, "texture": "#1"},
				"down": {"uv": [1, 11, 6.4, 12], "rotation": 270, "texture": "#1"}
			}
		},
		{
			"from": [5.3, -1.1, 15.1],
			"to": [6.5, 8.9, 15.2],
			"rotation": {"angle": -45, "axis": "z", "origin": [6, 3.9, 12.2]},
			"faces": {
				"north": {"uv": [14, 3, 4, 4.2], "rotation": 90, "texture": "#4"},
				"east": {"uv": [4.1, 3, 4, 13], "texture": "#4"},
				"south": {"uv": [14, 3, 4, 4.2], "rotation": 270, "texture": "#4"},
				"west": {"uv": [4.1, 3, 4, 13], "rotation": 180, "texture": "#4"},
				"up": {"uv": [4.1, 3, 4, 4.2], "rotation": 270, "texture": "#4"},
				"down": {"uv": [4.1, 3, 4, 4.2], "rotation": 270, "texture": "#4"}
			}
		}
	],
	"display": {
		"thirdperson_righthand": {
			"translation": [0, 4, 0],
			"scale": [0.5, 0.5, 0.5]
		},
		"thirdperson_lefthand": {
			"translation": [0, 4, 0],
			"scale": [0.5, 0.5, 0.5]
		},
		"firstperson_righthand": {
			"translation": [-6, 9.5, 0],
			"scale": [0.5, 0.5, 0.5]
		},
		"firstperson_lefthand": {
			"translation": [-6, 9.5, 0]
		},
		"ground": {
			"scale": [0.5, 0.5, 0.5]
		},
		"gui": {
			"rotation": [49.92, 16.5, -19.98],
			"translation": [0, 5.5, 0]
		},
		"fixed": {
			"rotation": [-90, 0, 0],
			"translation": [0, 0, -16],
			"scale": [2, 2, 2]
		}
	},
	"groups": [
		{
			"name": "group",
			"origin": [8, 8, 8],
			"color": 0,
			"children": [
				{
					"name": "group",
					"origin": [8, 8, 8],
					"color": 0,
					"children": [0, 1, 2, 3]
				},
				{
					"name": "group",
					"origin": [8, 8, 8],
					"color": 0,
					"children": [4, 5, 6, 7]
				},
				{
					"name": "group",
					"origin": [8, 8, 8],
					"color": 0,
					"children": [8, 9, 10, 11]
				},
				{
					"name": "group",
					"origin": [8, 8, 8],
					"color": 0,
					"children": [12, 13, 14, 15]
				}
			]
		}
	]
}