{
	"credit": "Made with Blockbench",
	"textures": {
		"0": "item/paper",
		"1": "block/black_concrete",
		"2": "item/feather",
		"particle": "item/paper"
	},
	"elements": [
		{
			"name": "paper_0",
			"from": [7, 0, 8],
			"to": [17, 1, 10],
			"rotation": {"angle": -45, "axis": "y", "origin": [10, 0, 7]},
			"faces": {
				"north": {"uv": [9, 2, 10, 12], "rotation": 270, "texture": "#0"},
				"east": {"uv": [11, 2, 9, 3], "texture": "#0"},
				"south": {"uv": [10, 2, 11, 12], "rotation": 90, "texture": "#0"},
				"west": {"uv": [9, 11, 11, 12], "texture": "#0"},
				"up": {"uv": [9, 2, 11, 12], "rotation": 90, "texture": "#0"},
				"down": {"uv": [9, 12, 11, 2], "rotation": 270, "texture": "#0"}
			}
		},
		{
			"name": "paper_1",
			"from": [6, 0, 7],
			"to": [16, 1, 8],
			"rotation": {"angle": -45, "axis": "y", "origin": [10, 0, 7]},
			"faces": {
				"north": {"uv": [8, 3, 9, 13], "rotation": 270, "texture": "#0"},
				"east": {"uv": [9, 3, 8, 4], "texture": "#0"},
				"south": {"uv": [8, 3, 9, 13], "rotation": 90, "texture": "#0"},
				"west": {"uv": [8, 12, 9, 13], "texture": "#0"},
				"up": {"uv": [8, 3, 9, 13], "rotation": 90, "texture": "#0"},
				"down": {"uv": [8, 13, 9, 3], "rotation": 270, "texture": "#0"}
			}
		},
		{
			"name": "paper_2",
			"from": [8, 0, 10],
			"to": [16, 1, 11],
			"rotation": {"angle": -45, "axis": "y", "origin": [10, 0, 7]},
			"faces": {
				"north": {"uv": [11, 3, 12, 11], "rotation": 270, "texture": "#0"},
				"east": {"uv": [12, 3, 11, 4], "texture": "#0"},
				"south": {"uv": [11, 3, 12, 11], "rotation": 90, "texture": "#0"},
				"west": {"uv": [11, 10, 12, 11], "texture": "#0"},
				"up": {"uv": [11, 3, 12, 11], "rotation": 90, "texture": "#0"},
				"down": {"uv": [11, 11, 12, 3], "rotation": 270, "texture": "#0"}
			}
		},
		{
			"name": "paper_3",
			"from": [5, 0, 5],
			"to": [15, 1, 7],
			"rotation": {"angle": -45, "axis": "y", "origin": [10, 0, 7]},
			"faces": {
				"north": {"uv": [6, 4, 7, 14], "rotation": 270, "texture": "#0"},
				"east": {"uv": [8, 4, 6, 5], "texture": "#0"},
				"south": {"uv": [7, 4, 8, 14], "rotation": 90, "texture": "#0"},
				"west": {"uv": [6, 13, 8, 14], "texture": "#0"},
				"up": {"uv": [6, 4, 8, 14], "rotation": 90, "texture": "#0"},
				"down": {"uv": [6, 14, 8, 4], "rotation": 270, "texture": "#0"}
			}
		},
		{
			"name": "paper_4",
			"from": [8, 0, 11],
			"to": [15, 1, 12],
			"rotation": {"angle": -45, "axis": "y", "origin": [10, 0, 7]},
			"faces": {
				"north": {"uv": [12, 4, 13, 11], "rotation": 270, "texture": "#0"},
				"east": {"uv": [13, 4, 12, 5], "texture": "#0"},
				"south": {"uv": [12, 4, 13, 11], "rotation": 90, "texture": "#0"},
				"west": {"uv": [12, 10, 13, 11], "texture": "#0"},
				"up": {"uv": [12, 4, 13, 11], "rotation": 90, "texture": "#0"},
				"down": {"uv": [12, 11, 13, 4], "rotation": 270, "texture": "#0"}
			}
		},
		{
			"name": "paper_5",
			"from": [6, 0, 4],
			"to": [14, 1, 5],
			"rotation": {"angle": -45, "axis": "y", "origin": [10, 0, 7]},
			"faces": {
				"north": {"uv": [5, 5, 6, 13], "rotation": 270, "texture": "#0"},
				"east": {"uv": [6, 5, 5, 6], "texture": "#0"},
				"south": {"uv": [5, 5, 6, 13], "rotation": 90, "texture": "#0"},
				"west": {"uv": [5, 12, 6, 13], "texture": "#0"},
				"up": {"uv": [5, 5, 6, 13], "rotation": 90, "texture": "#0"},
				"down": {"uv": [5, 13, 6, 5], "rotation": 270, "texture": "#0"}
			}
		},
		{
			"name": "paper_6",
			"from": [9, 0, 12],
			"to": [14, 1, 13],
			"rotation": {"angle": -45, "axis": "y", "origin": [10, 0, 7]},
			"faces": {
				"north": {"uv": [13, 5, 14, 10], "rotation": 270, "texture": "#0"},
				"east": {"uv": [14, 5, 13, 6], "texture": "#0"},
				"south": {"uv": [13, 5, 14, 10], "rotation": 90, "texture": "#0"},
				"west": {"uv": [13, 9, 14, 10], "texture": "#0"},
				"up": {"uv": [13, 5, 14, 10], "rotation": 90, "texture": "#0"},
				"down": {"uv": [13, 10, 14, 5], "rotation": 270, "texture": "#0"}
			}
		},
		{
			"name": "paper_7",
			"from": [8, 0, 2],
			"to": [13, 1, 4],
			"rotation": {"angle": -45, "axis": "y", "origin": [10, 0, 7]},
			"faces": {
				"north": {"uv": [3, 6, 4, 11], "rotation": 270, "texture": "#0"},
				"east": {"uv": [5, 6, 3, 7], "texture": "#0"},
				"south": {"uv": [4, 6, 5, 11], "rotation": 90, "texture": "#0"},
				"west": {"uv": [3, 10, 5, 11], "texture": "#0"},
				"up": {"uv": [3, 6, 5, 11], "rotation": 90, "texture": "#0"},
				"down": {"uv": [3, 11, 5, 6], "rotation": 270, "texture": "#0"}
			}
		},
		{
			"name": "paper_8",
			"from": [10, 0, 13],
			"to": [13, 1, 14],
			"rotation": {"angle": -45, "axis": "y", "origin": [10, 0, 7]},
			"faces": {
				"north": {"uv": [14, 6, 15, 9], "rotation": 270, "texture": "#0"},
				"east": {"uv": [15, 6, 14, 7], "texture": "#0"},
				"south": {"uv": [14, 6, 15, 9], "rotation": 90, "texture": "#0"},
				"west": {"uv": [14, 8, 15, 9], "texture": "#0"},
				"up": {"uv": [14, 6, 15, 9], "rotation": 90, "texture": "#0"},
				"down": {"uv": [14, 9, 15, 6], "rotation": 270, "texture": "#0"}
			}
		},
		{
			"name": "paper_9",
			"from": [9, 0, 1],
			"to": [12, 1, 2],
			"rotation": {"angle": -45, "axis": "y", "origin": [10, 0, 7]},
			"faces": {
				"north": {"uv": [2, 7, 3, 10], "rotation": 270, "texture": "#0"},
				"east": {"uv": [3, 7, 2, 8], "texture": "#0"},
				"south": {"uv": [2, 7, 3, 10], "rotation": 90, "texture": "#0"},
				"west": {"uv": [2, 9, 3, 10], "texture": "#0"},
				"up": {"uv": [2, 7, 3, 10], "rotation": 90, "texture": "#0"},
				"down": {"uv": [2, 10, 3, 7], "rotation": 270, "texture": "#0"}
			}
		},
		{
			"name": "paper_10",
			"from": [11, 0, 14],
			"to": [12, 1, 15],
			"rotation": {"angle": -45, "axis": "y", "origin": [10, 0, 7]},
			"faces": {
				"north": {"uv": [15, 7, 16, 8], "rotation": 270, "texture": "#0"},
				"east": {"uv": [16, 7, 15, 8], "texture": "#0"},
				"south": {"uv": [15, 7, 16, 8], "rotation": 90, "texture": "#0"},
				"west": {"uv": [15, 7, 16, 8], "texture": "#0"},
				"up": {"uv": [15, 7, 16, 8], "rotation": 90, "texture": "#0"},
				"down": {"uv": [15, 8, 16, 7], "rotation": 270, "texture": "#0"}
			}
		},
		{
			"name": "paper_11",
			"from": [10, 0, 0],
			"to": [11, 1, 1],
			"rotation": {"angle": -45, "axis": "y", "origin": [10, 0, 7]},
			"faces": {
				"north": {"uv": [1, 8, 2, 9], "rotation": 270, "texture": "#0"},
				"east": {"uv": [2, 8, 1, 9], "texture": "#0"},
				"south": {"uv": [1, 8, 2, 9], "rotation": 90, "texture": "#0"},
				"west": {"uv": [1, 8, 2, 9], "texture": "#0"},
				"up": {"uv": [1, 8, 2, 9], "rotation": 90, "texture": "#0"},
				"down": {"uv": [1, 9, 2, 8], "rotation": 270, "texture": "#0"}
			}
		},
		{
			"name": "paper_12",
			"from": [7, 0, 3],
			"to": [8, 1, 4],
			"rotation": {"angle": -45, "axis": "y", "origin": [10, 0, 7]},
			"faces": {
				"north": {"uv": [4, 11, 5, 12], "rotation": 270, "texture": "#0"},
				"east": {"uv": [5, 11, 4, 12], "texture": "#0"},
				"south": {"uv": [4, 11, 5, 12], "rotation": 90, "texture": "#0"},
				"west": {"uv": [4, 11, 5, 12], "texture": "#0"},
				"up": {"uv": [4, 11, 5, 12], "rotation": 90, "texture": "#0"},
				"down": {"uv": [4, 12, 5, 11], "rotation": 270, "texture": "#0"}
			}
		},
		{
			"name": "paper_13",
			"from": [6, 0, 8],
			"to": [7, 1, 9],
			"rotation": {"angle": -45, "axis": "y", "origin": [10, 0, 7]},
			"faces": {
				"north": {"uv": [9, 12, 10, 13], "rotation": 270, "texture": "#0"},
				"east": {"uv": [10, 12, 9, 13], "texture": "#0"},
				"south": {"uv": [9, 12, 10, 13], "rotation": 90, "texture": "#0"},
				"west": {"uv": [9, 12, 10, 13], "texture": "#0"},
				"up": {"uv": [9, 12, 10, 13], "rotation": 90, "texture": "#0"},
				"down": {"uv": [9, 13, 10, 12], "rotation": 270, "texture": "#0"}
			}
		},
		{
			"from": [0.75, 0, 9.75],
			"to": [3.25, 1, 12.25],
			"rotation": {"angle": 0, "axis": "y", "origin": [2.25, 0, 10.25]},
			"faces": {
				"north": {"uv": [0, 0, 2.5, 1], "texture": "#1"},
				"east": {"uv": [0, 0, 2.5, 1], "texture": "#1"},
				"south": {"uv": [0, 0, 2.5, 1], "texture": "#1"},
				"west": {"uv": [0, 0, 2.5, 1], "texture": "#1"},
				"up": {"uv": [0, 0, 2.5, 2.5], "texture": "#1"},
				"down": {"uv": [0, 0, 2.5, 2.5], "texture": "#missing"}
			}
		},
		{
			"from": [1.2, 0.75, 11],
			"to": [8.2, 7.75, 11],
			"rotation": {"angle": 0, "axis": "z", "origin": [2, 1, 11]},
			"faces": {
				"north": {"uv": [2, 2, 15, 15], "rotation": 270, "texture": "#2"},
				"east": {"uv": [0, 0, 3, 0], "rotation": 90, "texture": "#missing"},
				"south": {"uv": [0, 0, 3, 7], "rotation": 90, "texture": "#2"},
				"west": {"uv": [0, 0, 3, 0], "rotation": 90, "texture": "#missing"},
				"up": {"uv": [0, 0, 0, 7], "rotation": 90, "texture": "#missing"},
				"down": {"uv": [0, 0, 0, 7], "rotation": 90, "texture": "#missing"}
			}
		},
		{
			"from": [-4.2, 0.75, 11],
			"to": [2.8, 7.75, 11],
			"rotation": {"angle": 0, "axis": "y", "origin": [2, 1, 11]},
			"faces": {
				"north": {"uv": [0, 0, 3, 7], "rotation": 90, "texture": "#2"},
				"east": {"uv": [0, 0, 3, 0], "rotation": 90, "texture": "#missing"},
				"south": {"uv": [2, 2, 15, 15], "rotation": 270, "texture": "#2"},
				"west": {"uv": [0, 0, 3, 0], "rotation": 90, "texture": "#missing"},
				"up": {"uv": [0, 0, 0, 7], "rotation": 270, "texture": "#missing"},
				"down": {"uv": [0, 0, 0, 7], "rotation": 270, "texture": "#missing"}
			}
		}
	],
	"display": {
		"fixed": {
			"rotation": [-90, 0, 0],
			"translation": [0, 0, -13],
			"scale": [1.5, 1.5, 1.5]
		}
	},
	"groups": [
		{
			"name": "paper",
			"origin": [8, 8, 8],
			"color": 0,
			"children": [0, 1, 2, 3, 4, 5, 6, 7, 8, 9, 10, 11, 12, 13]
		},
		14,
		{
			"name": "group",
			"origin": [8, 8, 8],
			"color": 0,
			"children": [15, 16]
		}
	]
}