{
	"credit": "Made with Blockbench",
	"textures": {
		"0": "#log",
		"1": "#stripped_log_top",
		"particle": "#log"
	},
	"elements": [
		{
			"from": [1, 0, 5],
			"to": [2.5, 24, 6.5],
			"rotation": {"angle": 0, "axis": "y", "origin": [1, 0, 5]},
			"faces": {
				"north": {"uv": [0, 0, 1.5, 16], "texture": "#0"},
				"east": {"uv": [0, 0, 1.5, 16], "texture": "#0"},
				"south": {"uv": [0, 0, 1.5, 16], "texture": "#0"},
				"west": {"uv": [0, 0, 1.5, 16], "texture": "#0"},
				"up": {"uv": [0, 0, 1.5, 1.5], "texture": "#0"},
				"down": {"uv": [0, 0, 1.5, 1.5], "texture": "#0"}
			}
		},
		{
			"from": [13.5, 0, 5],
			"to": [15, 24, 6.5],
			"rotation": {"angle": 0, "axis": "y", "origin": [13.5, 0, 5]},
			"faces": {
				"north": {"uv": [0, 0, 1.5, 16], "texture": "#0"},
				"east": {"uv": [0, 0, 1.5, 16], "texture": "#0"},
				"south": {"uv": [0, 0, 1.5, 16], "texture": "#0"},
				"west": {"uv": [0, 0, 1.5, 16], "texture": "#0"},
				"up": {"uv": [0, 0, 1.5, 1.5], "texture": "#0"},
				"down": {"uv": [0, 0, 1.5, 1.5], "texture": "#0"}
			}
		},
		{
			"from": [1, 0, 13.5],
			"to": [2.5, 6.5, 15],
			"rotation": {"angle": 0, "axis": "y", "origin": [1, 0, 14]},
			"faces": {
				"north": {"uv": [0, 0, 1.5, 6.5], "texture": "#0"},
				"east": {"uv": [0, 0, 1.5, 6.5], "texture": "#0"},
				"south": {"uv": [0, 0, 1.5, 6.5], "texture": "#0"},
				"west": {"uv": [0, 0, 1.5, 6.5], "texture": "#0"},
				"up": {"uv": [0, 0, 1.5, 1.5], "texture": "#missing"},
				"down": {"uv": [0, 0, 1.5, 1.5], "texture": "#0"}
			}
		},
		{
			"from": [13.5, 0, 13.5],
			"to": [15, 6.5, 15],
			"rotation": {"angle": 0, "axis": "y", "origin": [13.5, 0, 14]},
			"faces": {
				"north": {"uv": [0, 0, 1.5, 6.5], "texture": "#0"},
				"east": {"uv": [0, 0, 1.5, 6.5], "texture": "#0"},
				"south": {"uv": [0, 0, 1.5, 6.5], "texture": "#0"},
				"west": {"uv": [0, 0, 1.5, 6.5], "texture": "#0"},
				"up": {"uv": [0, 0, 1.5, 1.5], "texture": "#missing"},
				"down": {"uv": [0, 0, 1.5, 1.5], "texture": "#0"}
			}
		},
		{
			"from": [0, 6.5, 4],
			"to": [16, 8, 16],
			"rotation": {"angle": 0, "axis": "y", "origin": [0, 7, 1]},
			"faces": {
				"north": {"uv": [0, 0, 16, 1.5], "texture": "#0"},
				"east": {"uv": [0, 0, 12, 1.5], "texture": "#0"},
				"south": {"uv": [0, 0, 16, 1.5], "texture": "#0"},
				"west": {"uv": [0, 0, 12, 1.5], "texture": "#0"},
				"up": {"uv": [0, 2, 16, 14], "texture": "#1"},
				"down": {"uv": [0, 0, 16, 12], "texture": "#0"}
			}
		},
		{
			"from": [2.5, 21, 5.25],
			"to": [13.5, 23, 6.25],
			"rotation": {"angle": 0, "axis": "y", "origin": [2.5, 21, 5.25]},
			"faces": {
				"north": {"uv": [0, 0, 2, 11], "rotation": 90, "texture": "#0"},
				"east": {"uv": [0, 0, 1, 2], "texture": "#missing"},
				"south": {"uv": [0, 0, 2, 11], "rotation": 90, "texture": "#0"},
				"west": {"uv": [0, 0, 1, 2], "texture": "#missing"},
				"up": {"uv": [0, 0, 1, 11], "rotation": 90, "texture": "#0"},
				"down": {"uv": [0, 0, 1, 11], "rotation": 90, "texture": "#0"}
			}
		},
		{
			"from": [4.5, 8, 5.25],
			"to": [5.5, 21, 6.25],
			"rotation": {"angle": 0, "axis": "y", "origin": [4.5, 8, 5.25]},
			"faces": {
				"north": {"uv": [0, 0, 1, 13], "texture": "#0"},
				"east": {"uv": [0, 0, 1, 13], "texture": "#0"},
				"south": {"uv": [0, 0, 1, 13], "texture": "#0"},
				"west": {"uv": [0, 0, 1, 13], "texture": "#0"},
				"up": {"uv": [0, 0, 1, 1], "texture": "#missing"},
				"down": {"uv": [0, 0, 1, 1], "texture": "#missing"}
			}
		},
		{
			"from": [10.5, 8, 5.25],
			"to": [11.5, 21, 6.25],
			"rotation": {"angle": 0, "axis": "y", "origin": [10.5, 8, 5.25]},
			"faces": {
				"north": {"uv": [0, 0, 1, 13], "texture": "#0"},
				"east": {"uv": [0, 0, 1, 13], "texture": "#0"},
				"south": {"uv": [0, 0, 1, 13], "texture": "#0"},
				"west": {"uv": [0, 0, 1, 13], "texture": "#0"},
				"up": {"uv": [0, 0, 1, 1], "texture": "#missing"},
				"down": {"uv": [0, 0, 1, 1], "texture": "#missing"}
			}
		},
		{
			"from": [7.5, 8, 5.25],
			"to": [8.5, 21, 6.25],
			"rotation": {"angle": 0, "axis": "y", "origin": [8, 8, 5.25]},
			"faces": {
				"north": {"uv": [0, 0, 1, 13], "texture": "#0"},
				"east": {"uv": [0, 0, 1, 13], "texture": "#0"},
				"south": {"uv": [0, 0, 1, 13], "texture": "#0"},
				"west": {"uv": [0, 0, 1, 13], "texture": "#0"},
				"up": {"uv": [0, 0, 1, 1], "texture": "#missing"},
				"down": {"uv": [0, 0, 1, 1], "texture": "#missing"}
			}
		}
	],
	"display": {
		"thirdperson_righthand": {
			"scale": [0.5, 0.5, 0.5]
		},
		"thirdperson_lefthand": {
			"scale": [0.5, 0.5, 0.5]
		},
		"firstperson_righthand": {
			"translation": [-3.5, 0, 0],
			"scale": [0.5, 0.5, 0.5]
		},
		"firstperson_lefthand": {
			"translation": [-3.5, 0, 0],
			"scale": [0.5, 0.5, 0.5]
		},
		"ground": {
			"scale": [0.5, 0.5, 0.5]
		},
		"gui": {
			"rotation": [20.51, -39.5, -21.06],
			"translation": [0, -1, 0],
			"scale": [0.5, 0.5, 0.5]
		},
		"fixed": {
			"rotation": [-90, -180, 0],
			"translation": [0, 0, -16],
			"scale": [2, 2, 2]
		}
	},
	"groups": [
		{
			"name": "group",
			"origin": [8, 8, 8],
			"color": 0,
			"children": [
				{
					"name": "group",
					"origin": [8, 8, 8],
					"color": 0,
					"children": [0, 1, 2, 3]
				},
				4,
				{
					"name": "group",
					"origin": [8, 8, 8],
					"color": 0,
					"children": [5, 6, 7, 8]
				}
			]
		}
	]
}