{
	"credit": "Made with Blockbench",
	"textures": {
		"0": "#planks",
		"1": "#log",
		"particle": "#planks"
	},
	"elements": [
		{
			"from": [0, 14.5, 15],
			"to": [16, 15.5, 16],
			"rotation": {"angle": 0, "axis": "y", "origin": [0, 14.5, 15]},
			"faces": {
				"north": {"uv": [0, 0, 16, 1], "texture": "#1"},
				"east": {"uv": [0, 0, 1, 1], "texture": "#1"},
				"south": {"uv": [0, 0, 16, 1], "texture": "#1"},
				"up": {"uv": [0, 0, 16, 1], "texture": "#missing"},
				"down": {"uv": [0, 0, 16, 1], "texture": "#1"}
			}
		},
		{
			"from": [0, 15.5, 2],
			"to": [16, 16, 16],
			"rotation": {"angle": 0, "axis": "y", "origin": [0, 15, 15]},
			"faces": {
				"north": {"uv": [0, 0, 16, 0.5], "texture": "#0"},
				"east": {"uv": [0, 0, 14, 0.5], "texture": "#0"},
				"south": {"uv": [0, 0, 16, 0.5], "texture": "#0"},
				"west": {"uv": [0, 0, 14, 0.5], "texture": "#0"},
				"up": {"uv": [0, 0, 16, 14], "texture": "#0"},
				"down": {"uv": [0, 0, 16, 14], "texture": "#0"}
			}
		},
		{
			"from": [14.5, 12.9539, 2.45672],
			"to": [15, 13.7039, 18.45672],
			"rotation": {"angle": 22.5, "axis": "x", "origin": [15, 15, 8]},
			"faces": {
				"north": {"uv": [0.5, 0, 1, 0.75], "rotation": 180, "texture": "#1"},
				"east": {"uv": [0, 0, 0.75, 16], "rotation": 270, "texture": "#1"},
				"south": {"uv": [0.5, 0, 1, 0.75], "texture": "#missing"},
				"west": {"uv": [0, 0, 0.75, 16], "rotation": 90, "texture": "#1"},
				"up": {"uv": [0.5, 0, 1, 16], "texture": "#1"},
				"down": {"uv": [0.5, 0, 1, 16], "rotation": 180, "texture": "#1"}
			}
		}
	],
	"display": {
		"thirdperson_righthand": {
			"scale": [0.5, 0.5, 0.5]
		},
		"thirdperson_lefthand": {
			"scale": [0.5, 0.5, 0.5]
		},
		"firstperson_lefthand": {
			"translation": [8, 0, 0]
		},
		"ground": {
			"translation": [0, -4.25, 0],
			"scale": [0.5, 0.5, 0.5]
		},
		"gui": {
			"rotation": [38.52, 21.78, -30],
			"translation": [-2, -3.25, 0],
			"scale": [0.5, 0.5, 0.5]
		},
		"fixed": {
			"translation": [0, 0, -15.75],
			"scale": [2, 2, 2]
		}
	},
	"groups": [
		{
			"name": "group",
			"origin": [8, 8, 8],
			"color": 0,
			"children": [
				0,
				1,
				{
					"name": "group",
					"origin": [1, 14.65, 2],
					"color": 0,
					"children": [2]
				}
			]
		}
	]
}