{
  "parent": "minecraft:block/dark_oak_planks",

  "overrides": [
    {"predicate": {"custom_model_data":1}, "model": "minecraft:item/rpg/object/dark_oak/table"},
    {"predicate": {"custom_model_data":2}, "model": "minecraft:item/rpg/object/dark_oak/chair"},
    {"predicate": {"custom_model_data":3}, "model": "minecraft:item/rpg/object/dark_oak/wall_rack_left"},
    {"predicate": {"custom_model_data":4}, "model": "minecraft:item/rpg/object/dark_oak/wall_rack_middle"},
    {"predicate": {"custom_model_data":5}, "model": "minecraft:item/rpg/object/dark_oak/wall_rack_right"},
    {"predicate": {"custom_model_data":6}, "model": "minecraft:item/rpg/object/dark_oak/shelf"}
  ]
}