{
    "parent": "minecraft:item/handheld_rod",
    "textures": {
        "layer0": "minecraft:item/carrot_on_a_stick"
    },
    "overrides": [
        {"predicate":{"custom_model_data":1000},"model":"minecraft:item/ability/survivor/0"},
        {"predicate":{"custom_model_data":1001},"model":"minecraft:item/ability/survivor/1"},
        {"predicate":{"custom_model_data":1002},"model":"minecraft:item/ability/survivor/2"},
        {"predicate":{"custom_model_data":1003},"model":"minecraft:item/ability/survivor/3"},
        {"predicate":{"custom_model_data":1004},"model":"minecraft:item/ability/survivor/4"},
        {"predicate":{"custom_model_data":1005},"model":"minecraft:item/ability/survivor/5"},
        {"predicate":{"custom_model_data":1006},"model":"minecraft:item/ability/survivor/6"},
        {"predicate":{"custom_model_data":1007},"model":"minecraft:item/ability/survivor/7"},
        {"predicate":{"custom_model_data":1008},"model":"minecraft:item/ability/survivor/8"},

        {"predicate":{"custom_model_data":1101},"model":"minecraft:item/ability/killer/1"},
        {"predicate":{"custom_model_data":1102},"model":"minecraft:item/ability/killer/2"},
        {"predicate":{"custom_model_data":1103},"model":"minecraft:item/ability/killer/3"},
        {"predicate":{"custom_model_data":1104},"model":"minecraft:item/ability/killer/4"}
    ]
}